Country Name,State,City,Zipcode,Street Address
Mexico,Distrito Federal,Tláhuac,13400,178 Calle Morelos
Canada,Ontario,Cambridge Central,N1R,445 Cedar Road
Mexico,Durango,Indé,35514,863 Avenida Universidad
Canada,British Columbia,Sooke,V9Z,705 River Road
Mexico,Jalisco,Puerto Vallarta,48280,513 Calle Zaragoza
Canada,New Brunswick,Bayfield,E4M,939 First Avenue
Mexico,Nayarit,Del Nayar,63538,788 Calle Zaragoza
Mexico,Veracruz de Ignacio de la Llave,Cerro Azul,92513,591 Calle Independencia
Mexico,Campeche,Champotón,24400,873 Calle Allende
Canada,Nova Scotia,Bridgewater,B4V,314 Queen Street
Mexico,Oaxaca,Coatecas Altas,71573,526 Calle Independencia
Mexico,Baja California Sur,Loreto,23890,872 Calle Zaragoza
Canada,New Brunswick,St. Andrews,E5B,425 Maple Street
Canada,British Columbia,Delta Central,V4K,851 Cedar Road
Canada,British Columbia,Castlegar,V1N,707 Lake Street
Mexico,Chihuahua,Juárez,32553,58 Calle Hidalgo
Canada,Alberta,Bonnyville,T9N,20 Oak Street
Mexico,Yucatán,Tzucacab,97963,772 Calle Independencia
Mexico,Jalisco,Guadalajara,44250,967 Calle Morelos
Canada,Saskatchewan,North Battleford,S9A,761 Park Avenue
Mexico,México,Tlatlaya,51598,235 Calle Allende
Mexico,San Luis Potosí,Matehuala,78824,149 Calle Independencia
Canada,British Columbia,Vancouver (Chaldecutt / South University Endowment Lands),V6S,74 First Avenue
Mexico,Guerrero,Tlapa de Comonfort,41300,918 Calle Hidalgo
Mexico,Tamaulipas,Tampico,89365,238 Avenida Insurgentes
Canada,Quebec,Saint-Hippolyte,J8A,448 Main Street
Mexico,Michoacán de Ocampo,Zamora,59694,165 Avenida Reforma
Canada,Alberta,Drayton Valley,T7A,391 Queen Street
Mexico,Michoacán de Ocampo,Tumbiscatío,60915,756 Avenida Central
Canada,New Brunswick,Smiths Creek,E4G,871 First Avenue
Canada,Nova Scotia,Dominion,B1G,709 Lake Street
Canada,Ontario,Hamilton (Westdale / Cootes Paradise / Ainslie Wood),L8S,716 King Street
Mexico,Veracruz de Ignacio de la Llave,Tezonapa,95080,239 Avenida Reforma
Canada,Ontario,Timmins Region (South Porcupine),P0N,674 Lake Street
Canada,Saskatchewan,Regina Southwest,S4W,58 Oak Street
Mexico,Sinaloa,Salvador Alvarado,81540,365 Calle Zaragoza
Canada,Ontario,Goderich,N7A,225 King Street
Mexico,San Luis Potosí,San Luis Potosí,78295,161 Calle Allende
Mexico,Oaxaca,Santa Catarina Quioquitani,70590,547 Avenida Juarez
Canada,Quebec,Plessisville,G6L,677 Lake Street
Mexico,Guanajuato,Salamanca,36883,11 Avenida Reforma
Mexico,Tamaulipas,Victoria,87086,16 Calle Morelos
Mexico,Nuevo León,San Nicolás de los Garza,66420,862 Calle Morelos
Mexico,San Luis Potosí,Cárdenas,79397,772 Calle Allende
Mexico,Jalisco,San Pedro Tlaquepaque,45629,276 Avenida Central
Canada,British Columbia,Chilliwack East,V4Z,533 River Road
Mexico,México,Tepotzotlán,54602,121 Avenida Central
Mexico,San Luis Potosí,Ciudad Fernández,79674,910 Avenida Juarez
Mexico,Sinaloa,Mazatlán,82159,142 Calle Zaragoza
Mexico,Morelos,Jojutla,62913,679 Calle Independencia
Canada,British Columbia,Williams Lake,V2G,142 Oak Street
Canada,British Columbia,Vancouver (Strathcona / Chinatown / Downtown Eastside),V6A,852 Oak Street
Canada,Saskatchewan,Rm Of Sherwood,S4K,376 Lake Street
Mexico,Distrito Federal,Álvaro Obregón,01280,403 Avenida Universidad
Canada,Ontario,Hamilton (West Albion Falls / Hannon / Rymal / Trenholme / Quinndale / Templemead / Broughton / Eleanor / Randall / Rushdale / Butler / East Chappel),L8W,275 River Road
Mexico,Sonora,Cajeme,85200,692 Calle Morelos
Mexico,Nayarit,Jala,63893,881 Calle Independencia
Canada,Ontario,Niagara Falls Southeast,L2G,951 Queen Street
Mexico,Coahuila de Zaragoza,Villa Unión,26610,129 Calle Hidalgo
Mexico,Chihuahua,Chihuahua,31137,534 Avenida Reforma
Mexico,Chihuahua,Cuauhtémoc,31609,446 Avenida Universidad
Mexico,Guanajuato,Romita,36210,587 Avenida Reforma
Canada,Quebec,L'Île-Des-Soeurs,H3E,956 River Road
Canada,British Columbia,Surrey Lower West,V3X,5 First Avenue
Mexico,Tlaxcala,San Lucas Tecopilco,90447,572 Calle Morelos
Canada,Quebec,Estrie-Est (Stanstead),J0B,919 Lake Street
Canada,Ontario,La Salle East,N9H,302 Maple Street
Mexico,Durango,Mezquital,34993,24 Avenida Universidad
Mexico,Oaxaca,Magdalena Jaltepec,69901,581 Calle Zaragoza
Mexico,Tabasco,Comalcalco,86389,502 Calle Allende
Mexico,Baja California,Mexicali,21395,860 Avenida Juarez
Canada,Quebec,Vimont,H7M,796 Main Street
Canada,Nova Scotia,Sydney North Central,B1P,936 King Street
Canada,Ontario,Central Toronto (Summerhill West / Rathnelly / South Hill / Forest Hill SE / Deer Park),M4V,718 Queen Street
Mexico,Tabasco,Centro,86030,384 Calle Zaragoza
Mexico,Guerrero,Chilapa de Álvarez,41114,5 Calle Morelos
Mexico,Veracruz de Ignacio de la Llave,Paso del Macho,94976,666 Avenida Universidad
Mexico,México,Toluca,50265,117 Avenida Insurgentes
Canada,Quebec,Plateau Mont-Royal West,H2T,623 Maple Street
Canada,Alberta,Northeastern Alberta (Fort Chipewyan),T0P,106 King Street
Mexico,Chihuahua,Guadalupe y Calvo,33487,447 Avenida Insurgentes
Canada,Quebec,Sainte-Foy Northeast,G1V,145 Maple Street
Canada,Alberta,Edson,T7E,469 Cedar Road
Canada,Ontario,Scarborough (Malvern / Rouge River),M1B,910 First Avenue
Canada,Ontario,Nipissing North (Callander),P0H,363 King Street
Canada,Saskatchewan,Saskatoon West,S7L,341 Queen Street
Mexico,Coahuila de Zaragoza,Saltillo,25210,541 Calle Zaragoza
Canada,Ontario,Georgetown,L7G,936 First Avenue
Mexico,Hidalgo,Acaxochitlán,43725,143 Avenida Juarez
Canada,Ontario,Timiskaming South (Temiskaming Shores),P0J,43 Oak Street
Mexico,Michoacán de Ocampo,Cotija,59958,286 Avenida Central
Mexico,Tabasco,Jalapa,86833,49 Calle Hidalgo
Mexico,Sonora,Huásabas,84535,706 Calle Zaragoza
Canada,Ontario,Waterdown,L8B,881 Main Street
Mexico,Nuevo León,Guadalupe,67154,534 Avenida Universidad
Mexico,Baja California,Tijuana,22164,980 Calle Zaragoza
Mexico,Quintana Roo,Solidaridad,77727,331 Calle Independencia
Mexico,Guerrero,Ajuchitlán del Progreso,40750,625 Calle Independencia
Canada,Quebec,Saint-Basile-Le-Grand,J3N,852 Queen Street
Mexico,Michoacán de Ocampo,Turicato,61695,387 Calle Morelos
Mexico,Chihuahua,Guachochi,33196,511 Avenida Insurgentes
Canada,Ontario,Cambridge South,N1P,420 Oak Street
Mexico,Distrito Federal,Álvaro Obregón,01270,705 Avenida Insurgentes
Canada,British Columbia,Comox,V9M,696 Cedar Road
Mexico,Guanajuato,San José Iturbide,37995,157 Calle Hidalgo
Canada,Quebec,La Plaine,J7M,349 Lake Street
Mexico,Guerrero,Tlacoachistlahuaca,41754,289 Calle Zaragoza
Canada,Manitoba,Cartier,R4K,878 Park Avenue
Mexico,Distrito Federal,Iztapalapa,09860,946 Avenida Insurgentes
Canada,Quebec,Laurentides-Nord (Montcalm),J0T,498 King Street
Mexico,Jalisco,Villa Guerrero,46126,389 Calle Hidalgo
Canada,Ontario,Hamilton (East Delta / Bartonville / Glenview / Rosedale / Lower King's Forest / Red Hill / Corman / Vincent / South Gershome),L8K,492 First Avenue
Canada,Saskatchewan,Saskatoon West,S7L,229 Lake Street
Canada,Ontario,Woodstock Central,N4S,941 Park Avenue
Mexico,México,Villa Guerrero,51780,316 Avenida Central
Mexico,Distrito Federal,Gustavo A. Madero,07119,548 Calle Zaragoza
Mexico,San Luis Potosí,Ahualulco,78456,257 Avenida Insurgentes
Canada,Ontario,Burlington Southeast,L7R,723 Maple Street
Mexico,México,Coacalco de Berriozábal,55700,205 Calle Independencia
Canada,British Columbia,Langley City,V3A,608 Lake Street
Canada,British Columbia,Maple Ridge East,V2W,623 Cedar Road
Canada,Alberta,Fort McMurray Outer Central,T9H,802 King Street
Canada,British Columbia,Courtenay Northern Outskirts,V9J,910 Park Avenue
Canada,Alberta,Edmonton (North Central / Queen Mary Park / YXD),T5G,451 Park Avenue
Mexico,Sinaloa,Mocorito,80803,633 Avenida Juarez
Canada,Nova Scotia,Port Morien,B1B,732 Maple Street
Mexico,Jalisco,El Salto,45680,659 Avenida Insurgentes
Mexico,Campeche,Carmen,24157,577 Avenida Juarez
Mexico,Chihuahua,Juárez,32340,317 Calle Allende
Mexico,Michoacán de Ocampo,Múgica,61775,326 Calle Hidalgo
Mexico,Oaxaca,San Carlos Yautepec,70515,200 Avenida Reforma
Canada,Alberta,Sherwood Park Inner Southwest,T8C,431 First Avenue
Mexico,Guanajuato,Pénjamo,36920,239 Calle Morelos
Canada,Saskatchewan,Prince Albert East,S6X,171 Queen Street
Mexico,Nuevo León,Doctor Coss,66960,660 Avenida Central
Mexico,Tlaxcala,Tlaxcala,90030,489 Avenida Juarez
Canada,New Brunswick,Baie-Sainte-Anne,E9A,628 Oak Street
Canada,Ontario,Baden,N3A,280 Maple Street
Canada,Ontario,Downtown Toronto (St. James Town / Cabbagetown),M4X,407 Lake Street
Canada,British Columbia,Central Saanich,V8M,126 King Street
Canada,Ontario,Cumberland,K4C,871 Main Street
Mexico,Jalisco,Jilotlán de los Dolores,49968,405 Avenida Juarez
Canada,Saskatchewan,Northern Saskatchewan (La Ronge),S0J,916 Park Avenue
Mexico,Campeche,Champotón,24415,356 Avenida Juarez
Canada,Alberta,Rocky Mountain House,T4T,638 Maple Street
Canada,Nova Scotia,Loch Lomond,B2E,809 Main Street
Mexico,Querétaro,Arroyo Seco,76426,36 Calle Hidalgo
Mexico,Sinaloa,Sinaloa,81946,858 Avenida Central
Mexico,Puebla,San Pedro Cholula,72778,862 Avenida Central
Canada,Alberta,Red Deer County,T4E,638 Cedar Road
Canada,Ontario,Dundas,L9H,32 Main Street
Canada,Ontario,Downtown Toronto (University of Toronto / Harbord),M5S,889 King Street
Mexico,Sonora,Nogales,84113,312 Avenida Juarez
Canada,British Columbia,Vancouver (SE Riley Park-Little Mountain / SW Kensington / NE Oakridge / North Sunset),V5W,155 Queen Street
Canada,British Columbia,Parksville,V9P,19 Lake Street
Mexico,Michoacán de Ocampo,Zamora,59660,284 Calle Allende
Mexico,Puebla,Puebla,72200,321 Avenida Universidad
Mexico,Veracruz de Ignacio de la Llave,Miahuatlán,91413,421 Avenida Central
Canada,Ontario,London (West Huron Heights / Carling),N5Y,379 Oak Street
Mexico,Veracruz de Ignacio de la Llave,Soledad de Doblado,94243,787 Avenida Reforma
Mexico,Oaxaca,San Pedro Mixtepec -Dto. 22 -,71984,453 Avenida Central
Mexico,Chiapas,Altamirano,30196,921 Avenida Juarez
Canada,Nova Scotia,Amherst,B4H,715 Maple Street
Mexico,Oaxaca,Santiago Ixtayutla,71733,494 Calle Morelos
Mexico,Michoacán de Ocampo,Turicato,61687,661 Avenida Insurgentes
Canada,Quebec,Shannon,G3S,19 Park Avenue
Mexico,Oaxaca,Villa de Tututepec de Melchor Ocampo,71838,312 Calle Independencia
Mexico,Chiapas,Salto de Agua,29903,988 Calle Zaragoza
Mexico,Guerrero,Olinalá,41025,770 Calle Independencia
Canada,Ontario,Thunder Bay South Central,P7E,804 Main Street
Canada,Quebec,Cap-de-la-Madeleine West,G8W,251 Maple Street
Canada,British Columbia,Saltspring Island,V8K,518 Main Street
Canada,Alberta,Calgary (Connaught / West Victoria Park),T2R,397 Lake Street
Canada,Nova Scotia,Yarmouth,B5A,283 Main Street
Canada,Ontario,Petawawa,K8H,284 Oak Street
Canada,New Brunswick,Campbellton,E3N,950 Park Avenue
Mexico,Chihuahua,Guadalupe y Calvo,33475,290 Avenida Universidad
Canada,Ontario,North York (York Mills / Silver Hills),M2L,924 Park Avenue
Mexico,Chihuahua,Guachochi,33188,210 Avenida Insurgentes
Canada,Ontario,Burlington Northeast,L7L,390 Cedar Road
Canada,Ontario,North York (Humber Summit),M9L,274 River Road
Mexico,Veracruz de Ignacio de la Llave,Tezonapa,95099,315 Calle Hidalgo
Mexico,Chiapas,Acapetahua,30583,588 Avenida Central
Mexico,Zacatecas,Villanueva,99552,771 Calle Hidalgo
Mexico,Durango,Mezquital,34997,547 Calle Morelos
Canada,Quebec,Old Montreal,H2Y,835 First Avenue
Mexico,Chihuahua,Saucillo,33637,330 Avenida Insurgentes
Canada,British Columbia,Kamloops Central and Southeast,V2C,130 Main Street
Canada,Ontario,Downtown Toronto (Rosedale),M4W,393 Oak Street
Mexico,Veracruz de Ignacio de la Llave,Tantoyuca,92100,905 Calle Morelos
Canada,Alberta,Remote Northeast (Fitzgerald),T0V,895 Cedar Road
Canada,British Columbia,Coquitlam South,V3K,22 Park Avenue
Mexico,Nuevo León,Linares,67778,242 Calle Zaragoza
Canada,Ontario,Essex,N8M,914 Lake Street
Mexico,Oaxaca,San Miguel Soyaltepec,68430,431 Avenida Universidad
Canada,Manitoba,East St. Paul,R2E,708 Park Avenue
Mexico,San Luis Potosí,Rioverde,79618,582 Avenida Insurgentes
Mexico,Hidalgo,Pacula,42256,81 Calle Allende
Canada,Nova Scotia,Reserve Mines,B1E,615 Oak Street
Canada,Ontario,York (Cedarvale),M6C,276 Main Street
Canada,Nova Scotia,Canso region (Havre Boucher),B0H,886 Park Avenue
Mexico,Chihuahua,Delicias,33115,771 Calle Allende
Canada,Quebec,Lachute,J8H,490 Maple Street
Canada,Quebec,Saint-Laurent Outer Northeast,H4N,368 River Road
Canada,Manitoba,Winnipeg (Point Douglas East),R2W,40 Queen Street
Canada,Quebec,Drummondville South,J2B,267 Maple Street
Canada,Ontario,Concord,L4K,383 King Street
Canada,Ontario,Bowmanville West,L1C,318 Oak Street
Mexico,Hidalgo,Francisco I. Madero,42660,479 Calle Hidalgo
Mexico,Durango,San Dimas,34685,984 Avenida Universidad
Mexico,Zacatecas,Genaro Codina,98660,141 Avenida Central
Canada,Ontario,Brampton West,L7A,964 Cedar Road
Mexico,Guanajuato,Tierra Blanca,37973,754 Calle Allende
Canada,Ontario,Burlington East,L7N,646 Cedar Road
Mexico,Oaxaca,Pluma Hidalgo,70963,698 Avenida Universidad
Canada,British Columbia,Courtenay Central,V9N,180 Main Street
Canada,Saskatchewan,Western Saskatchewan (Kindersley),S0L,432 Main Street
Mexico,Sonora,Cajeme,85208,205 Calle Allende
Canada,Nova Scotia,Halifax Bedford Basin,B3M,685 Park Avenue
Canada,British Columbia,Lower Skeena (Port Edward),V0V,711 Main Street
Mexico,Jalisco,Zapopan,45133,171 Calle Allende
Mexico,Guerrero,Chilpancingo de los Bravo,39120,937 Avenida Insurgentes
Mexico,Guanajuato,Valle de Santiago,38403,822 Calle Morelos
Canada,Ontario,West Haldimand (Port Dover),N0A,746 Cedar Road
Canada,British Columbia,Upper Columbia Region (Golden),V0A,371 First Avenue
Canada,British Columbia,Vancouver (Strathcona / Chinatown / Downtown Eastside),V6A,372 River Road
Canada,British Columbia,Vancouver (South Shaughnessy / NW Oakridge / NE Kerrisdale / SE Arbutus Ridge),V6M,174 Queen Street
Mexico,Durango,San Juan de Guadalupe,35944,375 Avenida Insurgentes
Canada,Alberta,Peace River,T8S,149 Maple Street
Mexico,Aguascalientes,Calvillo,20840,663 Avenida Juarez
Canada,Alberta,Edmonton (Southgate / North Riverbend),T6H,336 Lake Street
Mexico,México,Tepotzotlán,54610,944 Avenida Insurgentes
Canada,Ontario,Essex,N8M,462 Park Avenue
Canada,Saskatchewan,Saskatoon North,S7P,97 Oak Street
Canada,Quebec,Pierrefonds,H8Z,828 Cedar Road
Mexico,Guanajuato,Santa Cruz de Juventino Rosas,38245,38 Avenida Central
Canada,Ontario,London (YXU / North and East Argyle / East Huron Heights),N5V,883 Main Street
Canada,Quebec,Rimouski Northeast,G5M,717 Main Street
Mexico,Coahuila de Zaragoza,Sabinas,26739,322 Avenida Juarez
Mexico,Coahuila de Zaragoza,Piedras Negras,26069,114 Avenida Reforma
Canada,Ontario,Etobicoke (Westmount),M9P,673 First Avenue
Mexico,Jalisco,Tlajomulco de Zúñiga,45643,471 Avenida Universidad
Canada,Quebec,Baie-Comeau Northeast,G4Z,869 Lake Street
Canada,Quebec,Châteauguay South,J6K,45 River Road
Mexico,Puebla,San Andrés Cholula,72825,245 Avenida Insurgentes
Canada,Ontario,Dunnville,N1A,717 Oak Street
Canada,Ontario,Timmins West,P4R,639 Main Street
Canada,Alberta,Strathmore,T1P,515 King Street
Mexico,Chihuahua,Juárez,32575,88 Calle Morelos
Canada,Ontario,Aylmer,N5H,105 Lake Street
Canada,Ontario,Burlington East,L7N,581 Cedar Road
Canada,Ontario,Stouffville,L4A,460 King Street
Canada,Ontario,London Central,N6B,800 Lake Street
Mexico,Durango,San Dimas,34683,892 Avenida Reforma
Mexico,Coahuila de Zaragoza,Francisco I. Madero,27920,647 Calle Allende
Canada,Ontario,Algoma Southwest (Blind River),P0R,756 Queen Street
Canada,British Columbia,West Vancouver West,V7W,653 River Road
Canada,Newfoundland and Labrador,Paradise,A1L,315 Queen Street
Canada,Alberta,Calgary (Martindale / Taradale / Falconridge / Saddle Ridge),T3J,674 Park Avenue
Mexico,Veracruz de Ignacio de la Llave,Santiago Tuxtla,95836,142 Avenida Central
Canada,Ontario,Ottawa (Parliament Hill),K1P,754 King Street
Canada,Ontario,Peterborough (Fairbairn Meadows / Jackson Heights),K9K,940 Oak Street
Mexico,Durango,Nuevo Ideal,34423,434 Calle Zaragoza
Canada,Alberta,Camrose,T4V,310 Main Street
Canada,Ontario,Pembroke (Pleasant View / Fairview),K8B,306 Lake Street
Canada,Alberta,Edmonton (Glenora / SW Downtown Fringe),T5N,82 Lake Street
Canada,Quebec,Hull North,J8Z,97 Main Street
Mexico,Guanajuato,Jaral del Progreso,38486,833 Calle Hidalgo
Mexico,Michoacán de Ocampo,Tangancícuaro,59765,154 Avenida Universidad
Mexico,Michoacán de Ocampo,Peribán,60445,350 Avenida Reforma
Mexico,Sinaloa,Guasave,81120,511 Avenida Insurgentes
Canada,Ontario,Pembroke (Pleasant View / Fairview),K8B,345 First Avenue
Canada,Ontario,Mississauga (West Cooksville / Fairview / City Centre / East Creditview),L5B,783 Main Street
Canada,British Columbia,Central Saanich,V8M,951 Main Street
Canada,Alberta,Edmonton (West Castledowns),T6V,760 Queen Street
Mexico,Durango,Pueblo Nuevo,34956,419 Avenida Insurgentes
Mexico,Michoacán de Ocampo,Morelia,58146,60 Avenida Juarez
Canada,Manitoba,Southeastern Manitoba (Lorette),R0A,250 Cedar Road
Canada,Quebec,Varennes,J3X,966 Lake Street
Mexico,Durango,Pueblo Nuevo,34956,447 Avenida Juarez
Mexico,Oaxaca,Santo Domingo de Morelos,70906,952 Calle Independencia
Canada,Quebec,Duvernay,H7E,304 River Road
Canada,Ontario,Amherstview,K7N,721 First Avenue
Mexico,México,Ixtlahuaca,50753,748 Calle Morelos
Canada,Quebec,Saint-Ambroise,G7P,730 Park Avenue
Canada,Alberta,Calgary (Discovery Ridge / Signal Hill / Aspen Woods / Patterson / Cougar Ridge),T3H,628 River Road
Mexico,Chiapas,Tecpatán,29606,801 Avenida Central
Canada,Quebec,Baie-Comeau Northeast,G4Z,807 River Road
Mexico,Tamaulipas,Tampico,89338,320 Calle Allende
Canada,Ontario,Mississauga (West Creditview / Mavis / Erindale),L5C,177 Main Street
Canada,Quebec,Jean-Talon Northeast,G2M,119 Oak Street
Canada,Ontario,East Toronto (Studio District),M4M,447 Oak Street
Mexico,Baja California,Tecate,21470,522 Avenida Juarez
Mexico,Guerrero,Azoyú,41906,15 Avenida Insurgentes
Mexico,Tlaxcala,Chiautempan,90802,388 Avenida Universidad
Mexico,Veracruz de Ignacio de la Llave,Acayucan,96010,533 Calle Zaragoza
Mexico,Durango,San Pedro del Gallo,35576,338 Calle Zaragoza
Mexico,Nuevo León,Guadalupe,67118,157 Avenida Reforma
Mexico,Guanajuato,Uriangato,38986,228 Avenida Juarez
Mexico,Colima,Tecomán,28180,338 Avenida Universidad
Mexico,Jalisco,Amatitán,45380,338 Calle Zaragoza
Canada,Quebec,Sherbrooke North,J1J,587 River Road
Mexico,Veracruz de Ignacio de la Llave,Ixtaczoquitlán,94454,527 Calle Hidalgo
Canada,Ontario,Greater Sudbury (New Sudbury),P3A,38 Oak Street
Mexico,Puebla,Chignahuapan,73309,556 Calle Morelos
Mexico,Sonora,Huachinera,84405,193 Calle Zaragoza
Mexico,Quintana Roo,Bacalar,77937,669 Calle Hidalgo
Canada,Ontario,Middlesex (Clinton),N0M,503 Oak Street
Mexico,México,Naucalpan de Juárez,53427,854 Avenida Central
Mexico,Guanajuato,Valle de Santiago,38443,433 Avenida Juarez
Canada,Alberta,Calgary (Midnapore / Sundance),T2X,814 Cedar Road
Canada,Quebec,Sainte-Thérèse-de-Blainville South,J7G,663 Park Avenue
Mexico,Nayarit,Tepic,63037,229 Calle Allende
Canada,Alberta,Vegreville,T9C,460 First Avenue
Mexico,Sonora,Hermosillo,83323,24 Avenida Central
Mexico,Chihuahua,Guadalupe y Calvo,33474,982 Calle Morelos
Canada,Quebec,Brossard South,J4Y,480 River Road
Canada,Quebec,L'Ancienne-Lorette Northeast,G2E,566 River Road
Mexico,Guerrero,Técpan de Galeana,40906,195 Avenida Juarez
Mexico,Michoacán de Ocampo,Puruándiro,58520,29 Calle Hidalgo
Mexico,Veracruz de Ignacio de la Llave,Jesús Carranza,96956,247 Avenida Insurgentes
Mexico,Nuevo León,Guadalupe,67124,926 Avenida Reforma
Canada,Quebec,Saint-Georges Northwest,G6A,937 Lake Street
Mexico,Baja California Sur,Los Cabos,23477,307 Avenida Central
Canada,Manitoba,Winnipeg (Broadway / The Forks / Portage and Main) Manitoba Provincial Government,R3C,2 Main Street
Mexico,Michoacán de Ocampo,Uruapan,60202,234 Avenida Insurgentes
Canada,Ontario,York (Del Ray / Keelsdale / Mount Dennis / Silverthorne),M6M,653 River Road
Mexico,Sinaloa,Guasave,81040,592 Calle Independencia
Mexico,Michoacán de Ocampo,Buenavista,60521,324 Avenida Reforma
Mexico,Durango,Pueblo Nuevo,34963,486 Calle Allende
Canada,Ontario,Ottawa (Overbrook),K1K,700 Lake Street
Canada,British Columbia,Chilliwack West,V2R,892 Oak Street
Canada,Ontario,Queen's Park Ontario Provincial Government,M7A,181 Lake Street
Canada,Ontario,Windsor (City Centre / NW Walkerville),N9A,817 Maple Street
Canada,Ontario,London West (Central Hyde Park / Oakridge),N6H,798 Main Street
Mexico,Veracruz de Ignacio de la Llave,Platón Sánchez,92131,363 Calle Allende
Canada,British Columbia,Pitt Meadows,V3Y,497 King Street
Mexico,Yucatán,Valladolid,97783,566 Avenida Insurgentes
Canada,Quebec,Saint-Hubert West,J4T,446 Lake Street
Mexico,Guanajuato,Abasolo,36985,388 Calle Allende
Mexico,Yucatán,Mérida,97290,934 Avenida Insurgentes
Mexico,Quintana Roo,Benito Juárez,77510,340 Calle Hidalgo
Canada,British Columbia,Saanich Central,V8Z,647 Maple Street
Canada,Alberta,Fort McMurray Northwest,T9K,420 Cedar Road
Mexico,Guanajuato,Apaseo el Grande,38167,310 Avenida Reforma
Mexico,Guerrero,Chilpancingo de los Bravo,39074,55 Calle Morelos
Mexico,Michoacán de Ocampo,Salvador Escalante,61804,77 Calle Zaragoza
Mexico,Veracruz de Ignacio de la Llave,Catemaco,95870,346 Avenida Juarez
Mexico,Durango,Guanaceví,35425,752 Calle Morelos
Mexico,Querétaro,Querétaro,76099,534 Avenida Reforma
Mexico,Oaxaca,Santa María Zacatepec,71054,559 Avenida Juarez
Mexico,Guanajuato,Apaseo el Grande,38180,782 Avenida Juarez
Canada,Alberta,Leduc,T9E,202 Oak Street
Canada,Alberta,Wainwright Region (Tofield),T0B,591 Cedar Road
Canada,Quebec,Sainte-Geneviève,H9H,329 River Road
Canada,Newfoundland and Labrador,Goulds,A1S,179 Cedar Road
Canada,Quebec,Brossard Northwest,J4W,648 Maple Street
Canada,Ontario,Georgian Bay Southwest Shore (Dundalk),N0C,332 Main Street
Canada,Quebec,Joliette,J6E,289 Cedar Road
Canada,Ontario,Cambridge Southwest,N1S,932 King Street
Mexico,Aguascalientes,Asientos,20741,28 Avenida Juarez
Canada,Ontario,Parry Sound North Shore (Nobel),P0G,385 King Street
Canada,Ontario,East Toronto (The Beaches),M4E,131 Queen Street
Canada,British Columbia,West Kootenays (Rossland),V0G,99 Lake Street
Mexico,Oaxaca,San Pablo Tijaltepec,71155,227 Avenida Central
Canada,Ontario,Ottawa (Highland Park / Carlingwood),K2A,768 Cedar Road
Mexico,Guanajuato,Victoria,37928,17 Avenida Universidad
Mexico,Chihuahua,Aldama,32912,798 Calle Hidalgo
Canada,Prince Edward Island,Montague,C0A,583 River Road
Canada,Ontario,North Bay Central,P1B,513 Park Avenue
Canada,Quebec,La Prairie,J5R,383 Maple Street
Mexico,México,Villa de Allende,51007,587 Avenida Universidad
Canada,Quebec,Fabreville,H7P,479 River Road
Canada,Ontario,Ottawa (Britannia / Pinecrest),K2B,10 Lake Street
Mexico,Veracruz de Ignacio de la Llave,Jáltipan,96306,830 Avenida Central
Mexico,México,Tultitlán,54958,407 Avenida Universidad
Mexico,Puebla,Chilchotla,75074,109 Avenida Juarez
Mexico,Oaxaca,Huautla de Jiménez,68504,995 Calle Hidalgo
Mexico,Puebla,Zihuateutla,73246,431 Calle Zaragoza
Canada,Ontario,Brampton East,L6T,962 Main Street
Canada,Quebec,Anjou West,H1J,769 Cedar Road
Mexico,Distrito Federal,La Magdalena Contreras,10340,232 Avenida Central
Mexico,Oaxaca,Santos Reyes Nopala,71960,256 Calle Hidalgo
Mexico,México,Tejupilco,51432,82 Calle Independencia
Mexico,Michoacán de Ocampo,La Huacana,61878,54 Calle Zaragoza
Canada,Saskatchewan,Eastern Saskatchewan (Melfort),S0E,858 Main Street
Canada,British Columbia,New Westminster Southwest (Includes Annacis Island),V3M,547 King Street
Mexico,México,Tultepec,54986,772 Avenida Reforma
Canada,Ontario,St. Catharines West,L2W,285 Oak Street
Mexico,Durango,Durango,34307,273 Avenida Juarez
Canada,New Brunswick,Caraquet,E1W,753 River Road
Mexico,Chihuahua,Juárez,32575,37 Avenida Juarez
Mexico,Nuevo León,Apodaca,66635,101 Calle Morelos
Mexico,Guerrero,Acapulco de Juárez,39430,82 Avenida Insurgentes
Canada,British Columbia,Fort St. John,V1J,967 First Avenue
Mexico,Coahuila de Zaragoza,Francisco I. Madero,27927,704 Avenida Central
Mexico,Sonora,Alamos,85770,658 Avenida Insurgentes
Mexico,Durango,Santiago Papasquiaro,34620,790 Calle Hidalgo
Mexico,Jalisco,Guadalajara,44247,788 Avenida Reforma
Mexico,Sonora,Arizpe,84656,322 Calle Morelos
Canada,British Columbia,North Vancouver Northwest,V7R,481 Maple Street
Canada,Manitoba,Riding Mountain (Neepawa),R0J,141 Queen Street
Mexico,Sonora,Navojoa,85228,854 Calle Hidalgo
Mexico,Jalisco,Tala,45308,652 Calle Morelos
Canada,Manitoba,Winnipeg (St. Boniface NE),R2J,239 Park Avenue
Canada,Ontario,La Salle East,N9H,707 Main Street
Mexico,Campeche,Carmen,24307,30 Avenida Universidad
Canada,Alberta,Calgary (Kensington / Westmont / Parkdale / University),T2N,590 First Avenue
Mexico,Nuevo León,Marín,66700,884 Avenida Central
Canada,Quebec,Saint-Laurent Southeast,H4T,336 Cedar Road
Mexico,Puebla,Zapotitlán,75877,570 Calle Hidalgo
Canada,British Columbia,Langley Township East,V4W,360 King Street
Mexico,Querétaro,Pedro Escobedo,76720,621 Calle Hidalgo
Mexico,Veracruz de Ignacio de la Llave,Poza Rica de Hidalgo,93320,613 Avenida Juarez
Canada,Quebec,Jean-Talon Southeast,G1G,250 Queen Street
Canada,Quebec,Châteauguay South,J6K,855 Maple Street
Mexico,Tabasco,Huimanguillo,86414,715 Avenida Juarez
Canada,Ontario,Scarborough (Guildwood / Morningside / Ellesmere),M1E,733 Lake Street
Canada,Ontario,Port Hope,L1A,10 Cedar Road
Canada,Ontario,London (Riverbend / Woodhull / North Sharon Creek / Byron / West Westmount),N6K,216 King Street
Mexico,México,Almoloya de Alquisiras,51867,845 Calle Allende
Canada,Ontario,Hamilton (West Delta / Blakeley / South Stipley / South Gibson / St. Clair),L8M,202 River Road
Mexico,Hidalgo,San Bartolo Tutotepec,43448,435 Calle Allende
Mexico,Sonora,Cajeme,85160,556 Calle Zaragoza
Mexico,San Luis Potosí,Santo Domingo,78633,948 Avenida Universidad
Canada,Quebec,L'Ancienne-Lorette Northeast,G2E,624 River Road
Mexico,Guanajuato,Pueblo Nuevo,36897,140 Calle Zaragoza
Canada,Ontario,North York (Bayview Village),M2K,659 First Avenue
Canada,Ontario,Ingersoll,N5C,433 River Road
Mexico,Oaxaca,San Martín Huamelúlpam,69817,35 Avenida Juarez
Mexico,Morelos,Cuernavaca,62070,919 Avenida Central
Mexico,México,Ecatepec de Morelos,55055,561 Avenida Central
Mexico,Hidalgo,Tulancingo de Bravo,43710,214 Calle Zaragoza
Mexico,Veracruz de Ignacio de la Llave,Papantla,93525,627 Calle Allende
Mexico,Sinaloa,Culiacán,80029,984 Calle Morelos
Canada,Newfoundland and Labrador,Central Labrador (Happy Valley-Goose Bay),A0P,11 Lake Street
Mexico,Oaxaca,Tlacolula de Matamoros,70400,281 Calle Independencia
Canada,Ontario,West Haldimand (Port Dover),N0A,201 River Road
Mexico,Chihuahua,Juárez,32586,403 Avenida Universidad
Canada,Ontario,Sarnia Northeast,N7X,765 Maple Street
Canada,Quebec,Sherbrooke Northeast,J1E,343 First Avenue
Canada,Quebec,Montreal West,H4X,489 River Road
Canada,Quebec,Nunavik (Kuujjuaq),J0M,479 Maple Street
Mexico,Chihuahua,Jiménez,33973,942 Avenida Insurgentes
Canada,Ontario,Ottawa (Lower Town / Sandy Hill / University of Ottawa),K1N,495 Main Street
Mexico,Nuevo León,Aramberri,67946,966 Avenida Reforma
Canada,Ontario,Cambridge South,N1P,632 Main Street
Canada,British Columbia,North Vancouver South Central,V7L,789 Lake Street
Canada,Quebec,Drummondville Southeast,J2A,173 Oak Street
Canada,Quebec,Greenfield Park,J4V,658 River Road
Canada,Quebec,Jonquière Southwest,G7Y,206 Oak Street
Mexico,Michoacán de Ocampo,Uruapan,60134,380 Calle Hidalgo
Mexico,Guanajuato,Irapuato,36820,470 Calle Allende
Canada,Ontario,Scarborough (The Golden Mile / Clairlea / Oakridge / Birchmount Park East),M1L,593 Maple Street
Canada,Alberta,Calgary (Bridgeland / Greenview / Zoo / YYC),T2E,672 First Avenue
Canada,New Brunswick,Salisbury,E4J,290 Lake Street
Canada,Ontario,St. Catharines Northeast,L2M,138 Main Street
Mexico,Campeche,Escárcega,24375,541 Avenida Juarez
Mexico,Hidalgo,Huazalingo,43074,694 Avenida Juarez
Canada,Nova Scotia,Dartmouth Morris Lake,B2V,816 Park Avenue
Canada,Alberta,Edmonton (Meadows),T6T,945 River Road
Mexico,Jalisco,Guadalajara,44820,759 Avenida Universidad
Canada,Ontario,Sturgeon Falls,P2B,98 River Road
Canada,Quebec,Westmount East,H3Z,661 First Avenue
Canada,British Columbia,North Central Island and Bute Inlet Region (Gold River),V0P,233 Queen Street
Canada,Ontario,North Bay Central,P1B,38 River Road
Mexico,Tlaxcala,Atlangatepec,90415,289 Avenida Reforma
Canada,Alberta,Calgary (Martindale / Taradale / Falconridge / Saddle Ridge),T3J,96 Main Street
Mexico,Veracruz de Ignacio de la Llave,Saltabarranca,95497,646 Calle Independencia
Mexico,Guerrero,Chilapa de Álvarez,41115,604 Avenida Central
Mexico,Veracruz de Ignacio de la Llave,Catemaco,95870,429 Calle Zaragoza
Canada,Ontario,Caledon,L7C,557 Oak Street
Mexico,Durango,Durango,34300,180 Avenida Insurgentes
Mexico,Jalisco,Lagos de Moreno,47504,89 Calle Allende
Mexico,México,Chicoloapan,56373,558 Calle Allende
Mexico,Tamaulipas,El Mante,89860,457 Avenida Universidad
Canada,Quebec,Appalaches (La Pocatière),G0R,688 River Road
Mexico,Quintana Roo,Benito Juárez,77536,144 Calle Morelos
Canada,Manitoba,Winnipeg (Fort Garry South),R3V,683 Maple Street
Canada,British Columbia,Qualicum Beach,V9K,903 Park Avenue
Mexico,Sonora,Alamos,85773,213 Avenida Universidad
Canada,Nova Scotia,Halifax Central,B3L,287 Main Street
Mexico,Guanajuato,Jaral del Progreso,38487,82 Avenida Central
Canada,British Columbia,Victoria South,V8V,314 King Street
Mexico,Baja California Sur,La Paz,23089,700 Avenida Juarez
Mexico,Hidalgo,San Agustín Metzquititlán,43392,129 Avenida Central
Canada,Ontario,Huron (Wingham),N0G,245 Lake Street
Mexico,Querétaro,Pinal de Amoles,76326,368 Avenida Juarez
Mexico,San Luis Potosí,Ciudad Valles,79235,363 Avenida Universidad
Canada,British Columbia,Vancouver (NW Arbutus Ridge),V6L,596 River Road
Canada,Manitoba,Winnipeg (St. Vital North),R2M,784 Queen Street
Canada,British Columbia,Abbotsford West,V4X,423 River Road
Canada,British Columbia,Delta Northeast,V4C,500 First Avenue
Mexico,Sonora,Cajeme,85218,803 Avenida Juarez
Canada,Ontario,Waterloo South,N2L,759 King Street
Canada,Newfoundland and Labrador,Portugal Cove-St. Philips,A1M,184 King Street
Mexico,Guanajuato,Romita,36212,964 Avenida Universidad
Mexico,Coahuila de Zaragoza,San Pedro,27943,649 Avenida Universidad
Canada,Quebec,Trois-Rivières South,G9B,925 Oak Street
Canada,Ontario,Mississauga (East Credit),L5V,327 King Street
Mexico,Veracruz de Ignacio de la Llave,Martínez de la Torre,93607,404 Avenida Juarez
Mexico,México,Tepotzotlán,54614,373 Calle Independencia
Mexico,Distrito Federal,Álvaro Obregón,01109,333 Avenida Juarez
Mexico,Tlaxcala,Totolac,90170,792 Avenida Reforma
Mexico,Campeche,Carmen,24157,389 Avenida Insurgentes
Mexico,Guanajuato,San Miguel de Allende,37884,37 Calle Allende
Mexico,Nayarit,Ahuacatlán,63928,507 Avenida Juarez
Canada,New Brunswick,Stanley,E6B,899 Queen Street
Canada,Quebec,Laterrière,G7N,67 Queen Street
Canada,Ontario,Hamilton (West Industrial Sector / West Crown Point / North Stipley / North Gibson / Landsdale / Keith / North End / Beasley),L8L,154 Park Avenue
Mexico,Baja California Sur,La Paz,23060,130 Calle Morelos
Canada,British Columbia,Vancouver (West Kensington / NE Riley Park-Little Mountain),V5V,535 Oak Street
Canada,Ontario,Hamilton (Barnstown / West Chappel / Allison / Ryckmans / Mewburn / Sheldon / Falkirk / Carpenter / Kennedy / Southwest Outskirts),L9B,604 Lake Street
Canada,Ontario,Weston,M9N,749 King Street
Mexico,Nuevo León,San Nicolás de los Garza,66430,830 Calle Hidalgo
Mexico,Sinaloa,Mazatlán,82050,956 Avenida Insurgentes
Canada,British Columbia,Port Coquitlam South,V3C,686 River Road
Canada,Ontario,Frontenac County,K0H,949 First Avenue
Mexico,Durango,Gómez Palacio,35141,48 Avenida Universidad
Canada,Nova Scotia,Lower Sackville West,B4E,450 King Street
Canada,New Brunswick,Allardville,E8L,94 Cedar Road
Mexico,Chihuahua,Guadalupe y Calvo,33477,527 Calle Allende
Canada,Quebec,Shawinigan Central,G9N,669 Maple Street
Canada,Ontario,St. Thomas North,N5P,893 River Road
Canada,Alberta,Central Alberta (Stettler),T0C,430 Park Avenue
Canada,Ontario,Gloucester (Blossom Park / Hunt Club East / Leitrim),K1T,750 King Street
Mexico,Nuevo León,Monterrey,64340,401 Calle Independencia
Mexico,Puebla,Hueytamalco,73587,755 Avenida Juarez
Mexico,Zacatecas,Sombrerete,99104,815 Calle Zaragoza
Canada,Ontario,Napanee,K7R,713 First Avenue
Mexico,Campeche,Candelaria,24342,205 Avenida Juarez
Canada,Ontario,Caledonia,N3W,8 Cedar Road
Canada,Ontario,Ajax East,L1Z,601 Main Street
Mexico,México,Toluca,50250,196 Avenida Insurgentes
Mexico,Nayarit,Acaponeta,63403,452 Avenida Reforma
Canada,Alberta,Medicine Hat South,T1B,354 Main Street
Mexico,Sonora,San Miguel de Horcasitas,83374,849 Avenida Reforma
Canada,Manitoba,West St. Paul,R4A,552 Cedar Road
Mexico,Chihuahua,Chihuahua,31456,41 Avenida Universidad
Canada,New Brunswick,Hartland,E7P,241 King Street
Mexico,Sinaloa,Escuinapa,82457,169 Calle Zaragoza
Canada,Ontario,Milton,L9E,458 Main Street
Mexico,Michoacán de Ocampo,Penjamillo,59470,568 Calle Zaragoza
Mexico,Puebla,Zacatlán,73310,980 Avenida Universidad
Canada,Ontario,East Toronto (The Danforth East),M4J,344 Oak Street
Mexico,Guerrero,Atlixtac,41440,680 Avenida Juarez
Mexico,Guanajuato,Valle de Santiago,38416,626 Avenida Universidad
Canada,Ontario,Wasaga Beach,L9Z,590 Oak Street
Mexico,Guanajuato,Salamanca,36783,757 Avenida Juarez
Canada,Quebec,Cap-Rouge,G1Y,715 Park Avenue
Mexico,Guanajuato,Pénjamo,36946,973 Calle Morelos
Mexico,Coahuila de Zaragoza,San Pedro,27944,678 Calle Zaragoza
Mexico,Nayarit,Tepic,63500,229 Avenida Insurgentes
Canada,Yukon,Central Yukon (Dawson City),Y0B,956 Lake Street
Mexico,Durango,Nazas,35723,927 Avenida Insurgentes
Canada,Ontario,Kanata (Bridlewood),K2M,936 River Road
Canada,Alberta,Sherwood Park Inner Southwest,T8C,462 River Road
Canada,Ontario,Etobicoke (Alderwood / Long Branch),M8W,558 Cedar Road
Mexico,Chiapas,Villaflores,30476,20 Avenida Central
Canada,Alberta,Calgary (Queensland Downs / Lake Bonavista / Willow Park / Acadia),T2J,472 Oak Street
Mexico,Oaxaca,Santa María Temaxcalapa,68834,971 Avenida Juarez
Mexico,Puebla,Tepeaca,75200,173 Avenida Insurgentes
Mexico,Nayarit,Santiago Ixcuintla,63380,868 Avenida Reforma
Mexico,Durango,Nuevo Ideal,34423,874 Calle Hidalgo
Canada,British Columbia,Prince George East Central,V2L,473 Maple Street
Canada,Manitoba,Winnipeg (Point Douglas West / Inkster East),R2X,883 Oak Street
Canada,Ontario,Downtown Toronto (CN Tower / King and Spadina / Railway Lands / Harbourfront West / Bathurst Quay / South Niagara / YTZ),M5V,790 Park Avenue
Mexico,Guanajuato,Romita,36215,215 Avenida Central
Canada,British Columbia,White Rock,V4B,162 Park Avenue
Mexico,Chiapas,Cintalapa,30422,257 Avenida Reforma
Mexico,Baja California,Ensenada,22813,654 Calle Zaragoza
Canada,Ontario,Burlington South,L7S,997 Maple Street
Mexico,Durango,Durango,34060,417 Calle Independencia
Mexico,Hidalgo,La Misión,42266,977 Avenida Insurgentes
Mexico,Michoacán de Ocampo,Jacona,59890,95 Avenida Insurgentes
Canada,Alberta,Edmonton (North Westmount / West Calder / East Mistatim),T5L,524 Queen Street
Mexico,Chiapas,Cintalapa,30407,824 Avenida Juarez
Mexico,Tamaulipas,Victoria,87040,305 Calle Allende
Canada,New Brunswick,Debec,E7N,131 Oak Street
Mexico,Tlaxcala,Zacatelco,90750,368 Avenida Juarez
Mexico,Baja California Sur,Los Cabos,23522,846 Calle Independencia
Canada,British Columbia,Central Okanagan and High Country (Revelstoke),V0E,476 Main Street
Mexico,Distrito Federal,Gustavo A. Madero,07457,672 Calle Hidalgo
Mexico,Veracruz de Ignacio de la Llave,Fortín,94476,425 Calle Independencia
Canada,Quebec,Montmagny,G5V,548 Cedar Road
Canada,Alberta,Airdrie East,T4A,926 First Avenue
Mexico,México,Chalco,56607,881 Avenida Juarez
Mexico,Zacatecas,Zacatecas,98174,552 Avenida Juarez
Mexico,Sinaloa,Mocorito,80853,255 Calle Allende
Canada,Alberta,Edmonton (North Central / Queen Mary Park / YXD),T5G,886 King Street
Canada,Quebec,Windsor,J1S,268 Lake Street
Canada,Ontario,Nepean (Barrhaven),K2J,884 Lake Street
Canada,Quebec,Appalaches (La Pocatière),G0R,118 Cedar Road
Mexico,San Luis Potosí,Villa de Reyes,79530,392 Calle Zaragoza
Mexico,Chiapas,Cintalapa,30424,674 Avenida Universidad
Mexico,Coahuila de Zaragoza,Piedras Negras,26020,369 Calle Zaragoza
Canada,Alberta,Red Deer County,T4E,241 Oak Street
Mexico,Oaxaca,San Francisco Chapulapa,68636,308 Calle Zaragoza
Canada,New Brunswick,Oromocto,E2V,980 Maple Street
Canada,Nova Scotia,Wolfville,B4P,255 Lake Street
Canada,Alberta,Edmonton (Riverbend),T6R,443 Park Avenue
Mexico,San Luis Potosí,Ciudad Valles,79277,716 Avenida Central
Canada,Manitoba,Winnipeg (Minto / St. Mathews / Wolseley),R3G,700 Queen Street
Mexico,Guerrero,Coyuca de Benítez,40984,610 Avenida Universidad
Canada,Alberta,Drayton Valley,T7A,95 River Road
Canada,British Columbia,Omineca and Yellowhead (Smithers),V0J,751 Park Avenue
Mexico,Sonora,Nogales,84094,124 Avenida Reforma
Mexico,Guanajuato,Pénjamo,36917,222 Avenida Universidad
Canada,Quebec,Cap-aux-Meules,G0B,482 Maple Street
Mexico,Quintana Roo,Benito Juárez,77506,50 Avenida Reforma
Mexico,Sinaloa,Concordia,82650,45 Avenida Reforma
Mexico,México,Villa Guerrero,51776,818 Avenida Universidad
Mexico,Chiapas,Chamula,29336,147 Calle Hidalgo
Mexico,México,Luvianos,51443,266 Avenida Universidad
Mexico,México,Luvianos,51465,238 Calle Hidalgo
Mexico,Guanajuato,Guanajuato,36263,116 Avenida Universidad
Mexico,Sonora,Hermosillo,83317,837 Avenida Reforma
Canada,Quebec,Petite-Bourgogne,H3J,879 King Street
Mexico,Michoacán de Ocampo,Maravatío,61254,695 Avenida Universidad
Canada,Saskatchewan,Meadow Lake,S9X,953 River Road
Canada,British Columbia,Vancouver (SW Downtown),V6Z,141 Maple Street
Canada,Quebec,Châteauguay North,J6J,647 Park Avenue
Mexico,Yucatán,Mérida,97246,49 Calle Morelos
Mexico,Distrito Federal,Álvaro Obregón,01450,81 Avenida Reforma
Mexico,México,Ixtapan de la Sal,51923,240 Avenida Universidad
Canada,Ontario,Lake Simcoe Southeast Shore (Sutton West),L0E,870 Main Street
Mexico,México,Metepec,52170,790 Avenida Juarez
Mexico,Sonora,Hermosillo,83300,28 Calle Morelos
Canada,Quebec,Pointe-Aux-Trembles,H1A,871 Cedar Road
Canada,Ontario,Ottawa (Highland Park / Carlingwood),K2A,516 Cedar Road
Mexico,Guerrero,Atoyac de Álvarez,40933,615 Calle Zaragoza
Mexico,Jalisco,Poncitlán,45964,914 Calle Independencia
Canada,Ontario,Springwater,L9X,431 First Avenue
Canada,Ontario,Kitchener Northeast,N2B,352 Cedar Road
Canada,Quebec,Lachine East,H8S,498 Cedar Road
Mexico,Hidalgo,Huehuetla,43427,889 Calle Independencia
Mexico,Sonora,Alamos,85774,458 Avenida Juarez
Canada,British Columbia,West Vancouver South,V7V,551 Queen Street
Canada,Quebec,Stoneham-et-Tewkesbury,G3C,974 Park Avenue
Canada,Quebec,Rimouski Northeast,G5M,154 Maple Street
Mexico,Guanajuato,Acámbaro,38755,816 Avenida Reforma
Mexico,Chihuahua,Juárez,32540,810 Calle Independencia
Mexico,Baja California,Tijuana,22054,625 Calle Independencia
Mexico,Michoacán de Ocampo,Morelia,58049,657 Avenida Universidad
Canada,Nova Scotia,Digby Neck (Digby),B0V,267 Lake Street
Mexico,Morelos,Jonacatepec,62937,772 Avenida Central
Mexico,Michoacán de Ocampo,Apatzingán,60726,932 Calle Morelos
Canada,British Columbia,Central Island (Chemainus),V0R,367 Maple Street
Mexico,Quintana Roo,Othón P. Blanco,77985,328 Calle Morelos
Canada,Quebec,Shawinigan Southeast,G9P,7 Oak Street
Mexico,Distrito Federal,Gustavo A. Madero,07183,52 Avenida Insurgentes
Canada,Saskatchewan,Saskatoon Northwest,S7R,714 River Road
Mexico,Veracruz de Ignacio de la Llave,Nautla,93816,855 Avenida Central
Canada,Ontario,Cumberland Township,K4B,360 Park Avenue
Canada,British Columbia,Salmon Arm,V1E,902 Park Avenue
Mexico,México,Ecatepec de Morelos,55135,525 Calle Zaragoza
Canada,Ontario,Parry Sound Mid-Shore (Bala),P0C,762 Queen Street
Mexico,Guanajuato,Silao de la Victoria,36112,485 Calle Zaragoza
Mexico,Baja California,Playas de Rosarito,22710,864 Avenida Central
Canada,Quebec,Longueuil Southeast,J4L,18 Lake Street
Mexico,Jalisco,Tototlán,47734,173 Calle Independencia
Canada,Prince Edward Island,Kings and Queens counties (Elmira),C0A,559 Queen Street
Canada,Ontario,Whitby Southwest,L1P,480 Queen Street
Canada,Newfoundland and Labrador,St. John's Central,A1E,322 Maple Street
Mexico,Michoacán de Ocampo,Ario,61849,535 Calle Hidalgo
Mexico,Sonora,Magdalena,84176,211 Calle Allende
Mexico,Nuevo León,Salinas Victoria,65514,645 Calle Zaragoza
Mexico,Nuevo León,Allende,67363,498 Avenida Central
Canada,Quebec,Victoriaville Central,G6P,526 Cedar Road
Canada,Ontario,Hamilton (Sherwood / Huntington / Upper King's Forest / Lisgar / Berrisfield / Hampton Heights / Sunninghill),L8T,742 Cedar Road
Canada,Ontario,Hamilton (Greenford / North Gershome / West Stoney Creek),L8G,503 Lake Street
Mexico,Sonora,Puerto Peñasco,83557,325 Calle Allende
Mexico,San Luis Potosí,Cedral,78536,199 Calle Zaragoza
Mexico,México,Zumpahuacán,51997,788 Calle Hidalgo
Mexico,Guanajuato,Salamanca,36724,33 Avenida Universidad
Canada,Ontario,Mississauga (Erin Mills / Western Business Park),L5L,775 King Street
Mexico,Jalisco,Lagos de Moreno,47510,602 Avenida Juarez
Mexico,Sinaloa,Ahome,81336,363 Calle Hidalgo
Mexico,Hidalgo,Acaxochitlán,43725,829 Avenida Reforma
Mexico,Morelos,Jiutepec,62565,400 Calle Allende
Canada,Yukon,Southeastern Yukon (Watson Lake),Y0A,58 Oak Street
Mexico,Oaxaca,San Antonio Huitepec,71307,905 Calle Allende
Mexico,Guerrero,Coahuayutla de José María Izazaga,40870,876 Avenida Reforma
Mexico,Aguascalientes,Aguascalientes,20196,637 Calle Hidalgo
Canada,British Columbia,Abbotsford Southeast,V2S,172 Oak Street
Mexico,Chiapas,Cintalapa,30416,76 Calle Allende
Canada,Ontario,Oakville West,L6M,288 Lake Street
Canada,British Columbia,Surrey Inner Northwest,V3T,152 Cedar Road
Mexico,Chihuahua,Juárez,32543,122 Avenida Universidad
Mexico,Veracruz de Ignacio de la Llave,Playa Vicente,95628,87 Calle Zaragoza
Mexico,Durango,Guanaceví,35446,4 Calle Zaragoza
Canada,Alberta,High River,T1V,187 First Avenue
Canada,British Columbia,Abbotsford East,V3G,435 King Street
Mexico,Veracruz de Ignacio de la Llave,Las Minas,93740,677 Calle Hidalgo
Canada,New Brunswick,Oromocto,E2V,820 King Street
Mexico,México,Ecatepec de Morelos,55130,228 Avenida Universidad
Canada,Saskatchewan,Regina Northeast and East Central,S4N,181 Oak Street
Canada,Quebec,Plateau Mont-Royal West,H2T,517 Park Avenue
Mexico,Quintana Roo,Bacalar,77910,823 Calle Zaragoza
Canada,Ontario,Bradford,L3Z,906 Main Street
Canada,British Columbia,Pitt Meadows,V3Y,824 Oak Street
Canada,Saskatchewan,Moose Jaw Southeast,S6H,367 Lake Street
Mexico,Coahuila de Zaragoza,Acuña,26238,439 Calle Zaragoza
Mexico,Durango,Lerdo,35158,258 Calle Allende
Canada,Nova Scotia,Dartmouth Southwest,B3A,268 King Street
Canada,Alberta,Calgary (Connaught / West Victoria Park),T2R,96 Main Street
Canada,Quebec,Saint-Redempteur,G6K,410 Cedar Road
Canada,Quebec,Abitibi-Témiscamingue-Est (Radisson),J0Y,352 First Avenue
Canada,British Columbia,Vancouver (South Renfrew-Collingwood),V5R,489 Queen Street
Mexico,Jalisco,Acatic,45479,410 Avenida Reforma
Canada,Quebec,Saint-Lambert Central,J4R,409 Park Avenue
Canada,Ontario,Huron (Wingham),N0G,32 Maple Street
Canada,Nova Scotia,Coldbrook,B4R,930 Queen Street
Mexico,Tabasco,Centro,86281,774 Avenida Reforma
Mexico,Nuevo León,Monterrey,64990,133 Calle Independencia
Mexico,México,Ecatepec de Morelos,55074,663 Avenida Insurgentes
Canada,Manitoba,Riding Mountain (Neepawa),R0J,166 Lake Street
Canada,Quebec,Masson-Angers,J8M,150 Main Street
Canada,Quebec,Hochelaga,H1W,40 Lake Street
Canada,British Columbia,Chilliwack West,V2R,162 Oak Street
Mexico,Tamaulipas,Nuevo Laredo,88285,802 Avenida Universidad
Mexico,Sonora,Agua Prieta,84220,716 Avenida Reforma
Mexico,Durango,Canatlán,34407,644 Avenida Central
Canada,Quebec,Laval-sur-le-Lac,H7R,569 Lake Street
Mexico,Hidalgo,Alfajayucan,42390,604 Calle Allende
Mexico,México,Villa Guerrero,51765,585 Calle Zaragoza
Canada,Ontario,Brampton Southwest,L6X,69 River Road
Mexico,Aguascalientes,Calvillo,20842,325 Calle Allende
Canada,Quebec,Sainte-Agathe-Des-Monts,J8C,131 First Avenue
Mexico,Tabasco,Huimanguillo,86423,904 Calle Hidalgo
Canada,New Brunswick,Stanley,E6B,538 Maple Street
Mexico,Chihuahua,Ocampo,33323,604 Avenida Juarez
Mexico,Veracruz de Ignacio de la Llave,Cazones de Herrera,92990,382 Avenida Juarez
Mexico,Guanajuato,Purísima del Rincón,36436,439 Avenida Universidad
Canada,Quebec,Victoriaville South,G6R,744 Park Avenue
Canada,Ontario,Central Toronto (Lawrence Park East),M4N,354 Main Street
Mexico,Durango,Nuevo Ideal,34424,732 Avenida Central
Mexico,Sonora,Hermosillo,83313,745 Avenida Universidad
Canada,British Columbia,Surrey Outer Northwest,V3V,646 Oak Street
Canada,Quebec,Fabreville,H7P,136 River Road
Canada,Saskatchewan,Southwestern Saskatchewan (Maple Creek),S0N,256 Main Street
Mexico,Querétaro,San Juan del Río,76830,705 Calle Allende
Canada,New Brunswick,Grande-Anse,E8N,332 Main Street
Canada,Quebec,Saint-Sophie,J5J,757 First Avenue
Canada,Ontario,North York (Glencairn),M6B,712 Main Street
Canada,Ontario,Brampton Southwest,L6X,114 Cedar Road
Canada,British Columbia,Surrey Upper West,V3W,120 Oak Street
Canada,Quebec,Gatineau Northwest,J8V,49 First Avenue
Canada,Ontario,Gananoque,K7G,788 River Road
Mexico,Veracruz de Ignacio de la Llave,Jáltipan,96316,630 Avenida Juarez
Canada,Prince Edward Island,Charlottetown West,C1E,948 River Road
Mexico,San Luis Potosí,Villa Hidalgo,78968,166 Avenida Central
Mexico,Guanajuato,León,37125,427 Avenida Universidad
Mexico,Chihuahua,Gran Morelos,33261,159 Avenida Universidad
Canada,Alberta,Grande Prairie Central,T8V,258 Cedar Road
Mexico,Guerrero,Iliatenco,41536,783 Calle Zaragoza
Canada,Ontario,Penetanguishene,L9M,630 Maple Street
Canada,British Columbia,Burnaby (Burnaby Heights / Willingdon Heights / West Central Valley),V5C,963 Main Street
Mexico,Distrito Federal,Xochimilco,16440,563 Calle Zaragoza
Mexico,Distrito Federal,Azcapotzalco,02090,162 Avenida Juarez
Canada,Ontario,Timiskaming South (Temiskaming Shores),P0J,669 Cedar Road
Canada,Quebec,Cap-Rouge,G1Y,695 Queen Street
Canada,Ontario,Kitchener South Central,N2C,115 Oak Street
Canada,Quebec,Chomedey Northwest,H7T,89 Lake Street
Mexico,Michoacán de Ocampo,Álvaro Obregón,58923,346 Avenida Insurgentes
Canada,Ontario,Oakville South,L6L,52 Cedar Road
Canada,Saskatchewan,Saskatoon South,S7T,810 Cedar Road
Mexico,México,Ecatepec de Morelos,55070,568 Avenida Universidad
Canada,Quebec,Rimouski Central,G5L,738 Lake Street
Mexico,Durango,Mezquital,34985,816 Calle Hidalgo
Mexico,México,Huehuetoca,54693,502 Calle Hidalgo
Mexico,Chihuahua,Chihuahua,31140,339 Avenida Central
Canada,Ontario,Peterborough (Fairbairn Meadows / Jackson Heights),K9K,437 Maple Street
Mexico,Aguascalientes,Aguascalientes,20172,43 Avenida Reforma
Mexico,Sonora,Fronteras,84328,908 Avenida Insurgentes
Mexico,Chihuahua,Rosales,33123,904 Avenida Insurgentes
Canada,New Brunswick,Saint John West,E2M,482 Oak Street
Canada,Ontario,Downtown Toronto (Central Bay Street),M5G,723 Maple Street
Canada,Nunavut Territory,Inner Nunavut (Rankin Inlet),X0C,377 Maple Street
Canada,Ontario,Nepean (Barrhaven),K2J,321 River Road
Mexico,Puebla,Acatzingo,75150,552 Avenida Reforma
Canada,British Columbia,Delta East Central,V4G,577 Maple Street
Mexico,Tlaxcala,Tlaxco,90273,908 Avenida Reforma
Canada,Newfoundland and Labrador,Western Avalon Peninsula (Argentia),A0B,298 Oak Street
Canada,British Columbia,Prince George North,V2K,882 River Road
Mexico,Chihuahua,Juárez,32576,506 Calle Morelos
Mexico,Oaxaca,San Agustín Etla,68247,268 Calle Allende
Mexico,Sonora,Villa Hidalgo,84583,99 Calle Zaragoza
Canada,British Columbia,Prince George West Central,V2M,273 First Avenue
Canada,Ontario,Burlington Southeast,L7R,785 Lake Street
Mexico,Guerrero,Cochoapa el Grande,41667,224 Calle Zaragoza
Mexico,Michoacán de Ocampo,Tancítaro,60484,245 Calle Hidalgo
Canada,Quebec,Buckingham,J8L,604 Cedar Road
Mexico,Michoacán de Ocampo,Panindícuaro,58574,325 Calle Allende
Canada,Quebec,Charlesbourg South,G1H,274 River Road
Canada,Nova Scotia,Lower Sackville North,B4G,320 King Street
Mexico,Quintana Roo,Bacalar,77925,219 Avenida Juarez
Canada,Alberta,Vermilion,T9X,195 Park Avenue
Mexico,Zacatecas,Fresnillo,99199,324 Calle Hidalgo
Mexico,Guerrero,Olinalá,41014,648 Calle Morelos
Canada,Quebec,Saint-Laurent Central,H4R,145 Queen Street
Canada,Alberta,Red Deer North,T4P,659 Park Avenue
Canada,Nova Scotia,Christmas Island,B1T,994 First Avenue
Mexico,Tlaxcala,Atlangatepec,90415,222 Avenida Juarez
Canada,Ontario,Parry Sound Mid-Shore (Bala),P0C,211 Oak Street
Canada,Alberta,Wainwright Region (Tofield),T0B,612 Park Avenue
Canada,British Columbia,Vancouver (South West End),V6E,693 Main Street
Canada,Manitoba,The Pas,R9A,122 Main Street
Canada,Nova Scotia,Halifax Central,B3L,615 Cedar Road
Canada,Quebec,Anjou East,H1K,617 King Street
Canada,Ontario,Kenora,P9N,819 Oak Street
Mexico,Veracruz de Ignacio de la Llave,Comapa,94200,754 Avenida Universidad
Mexico,Chihuahua,Chihuahua,31385,950 Calle Allende
Canada,Ontario,Oxford (Norwich),N0J,376 Maple Street
Mexico,San Luis Potosí,Moctezuma,78905,559 Avenida Insurgentes
Canada,Quebec,Shawinigan Central,G9N,84 Maple Street
Canada,Ontario,London (South White Oaks / Central Westminster / East Longwoods / West Brockley),N6E,929 Lake Street
Canada,Quebec,Sainte-Thérèse-de-Blainville Central,J7E,821 Park Avenue
Mexico,Chihuahua,Guachochi,33198,222 Calle Zaragoza
Canada,New Brunswick,Dalhousie,E8C,553 Oak Street
Mexico,Hidalgo,Tenango de Doria,43494,829 Calle Allende
Mexico,Guanajuato,San Luis de la Paz,37915,632 Calle Hidalgo
Mexico,Michoacán de Ocampo,Uruapan,60090,902 Avenida Reforma
Canada,Quebec,Coaticook,J1A,364 Cedar Road
Canada,Ontario,Ottawa (Queensway / Copeland / Carlington / Carleton Heights),K2C,693 Queen Street
Mexico,Morelos,Tepoztlán,62528,836 Avenida Central
Mexico,Querétaro,Colón,76296,29 Calle Morelos
Mexico,Sonora,Hermosillo,83175,188 Calle Independencia
Mexico,Michoacán de Ocampo,Nuevo Parangaricutiro,60490,53 Avenida Universidad
Canada,British Columbia,Nanaimo Central,V9S,224 River Road
Mexico,Sinaloa,Culiacán,80184,760 Avenida Central
Mexico,Michoacán de Ocampo,Tuzantla,61565,976 Calle Independencia
Canada,Nova Scotia,North Sydney North,B1V,902 Lake Street
Canada,Quebec,Gatineau Southeast,J8P,271 Oak Street
Canada,Ontario,East York (Thorncliffe Park),M4H,172 Queen Street
Mexico,Hidalgo,Tepehuacán de Guerrero,43124,288 Avenida Reforma
Canada,British Columbia,Westbank,V4T,564 Cedar Road
Canada,Newfoundland and Labrador,Southeastern Avalon Peninsula (Ferryland),A0A,84 Lake Street
Mexico,Chiapas,La Concordia,30367,56 Calle Independencia
Canada,Ontario,Leamington,N8H,23 First Avenue
Canada,Quebec,Saguenay-Lac-St-Jean (Alouette),G0V,89 Cedar Road
Mexico,Sonora,Hermosillo,83325,704 Calle Allende
Canada,Ontario,Orleans (Queenswood),K1E,809 Queen Street
Canada,Ontario,Fort Erie,L2A,182 Lake Street
Canada,Saskatchewan,Regina Central,S4P,624 Oak Street
Canada,British Columbia,Vancouver (NE Downtown / Harbour Centre / Gastown / Yaletown),V6B,789 Park Avenue
Mexico,Quintana Roo,Bacalar,77943,121 Calle Zaragoza
Canada,Ontario,Bolton,L7E,62 River Road
Mexico,Chiapas,Chamula,29323,470 Calle Independencia
Mexico,Oaxaca,Heroica Ciudad de Tlaxiaco,69800,142 Calle Independencia
Mexico,Guerrero,Acapulco de Juárez,39370,295 Calle Morelos
Mexico,Chihuahua,Delicias,33110,382 Avenida Central
Canada,British Columbia,Saanich Central,V8Z,767 King Street
Mexico,Guanajuato,Huanímaro,36996,356 Calle Morelos
Mexico,Jalisco,Puerto Vallarta,48290,299 Calle Zaragoza
Canada,Alberta,Calgary (Mount Pleasant / Capitol Hill / Banff Trail),T2M,577 Maple Street
Mexico,Morelos,Cuautla,62757,25 Avenida Central
Canada,Ontario,Peterborough North,K9H,803 Main Street
Canada,Alberta,Calgary South (Altadore / Bankview / Richmond),T2T,521 Cedar Road
Mexico,Chiapas,Salto de Agua,29904,936 Calle Allende
Canada,Ontario,Brampton East,L6T,397 Park Avenue
Canada,Ontario,Orangeville South,L9W,84 King Street
Mexico,Hidalgo,Mineral de la Reforma,42184,328 Avenida Insurgentes
Mexico,Durango,Mezquital,34977,560 Calle Independencia
Mexico,Baja California,Tijuana,22020,218 Avenida Universidad
Canada,British Columbia,Ladysmith,V9G,279 Cedar Road
Mexico,Sonora,Caborca,83663,30 Calle Independencia
Mexico,Chihuahua,Praxedis G. Guerrero,32791,320 Calle Independencia
Canada,Ontario,Windsor (East Riverside),N8P,360 River Road
Mexico,Sonora,Cajeme,85203,882 Calle Allende
Canada,British Columbia,Fort St. John,V1J,814 Lake Street
Mexico,Durango,El Oro,35677,324 Avenida Insurgentes
Canada,Saskatchewan,Prince Albert Central,S6V,875 Cedar Road
Canada,Quebec,Sherbrooke Central,J1H,294 Cedar Road
Canada,Ontario,London (Glen Cairn),N5Z,865 Cedar Road
Canada,Quebec,Montreal North South,H1H,794 River Road
Canada,Quebec,Rivière-du-Loup,G5R,784 First Avenue
Mexico,Michoacán de Ocampo,Contepec,61026,803 Avenida Insurgentes
Mexico,Oaxaca,San Juan Mixtepec -Dto. 08 -,69773,406 Calle Hidalgo
Mexico,Morelos,Cuautla,62747,486 Calle Zaragoza
Canada,Ontario,Guelph North,N1E,200 Queen Street
Mexico,Tamaulipas,Nuevo Laredo,88180,697 Calle Morelos
Mexico,Veracruz de Ignacio de la Llave,Tezonapa,95084,307 Avenida Universidad
Canada,Quebec,Chomedey Northeast,H7S,417 King Street
Mexico,Michoacán de Ocampo,Zamora,59633,797 Avenida Juarez
Mexico,Michoacán de Ocampo,Huetamo,61978,893 Calle Morelos
Mexico,Nuevo León,Salinas Victoria,65536,118 Avenida Reforma
Canada,Ontario,London East (SW Argyle / Hamilton Road),N5W,720 Maple Street
Canada,Newfoundland and Labrador,Windsor,A2B,463 Queen Street
Canada,Ontario,North York (Hillcrest Village),M2H,783 Maple Street
Mexico,Guanajuato,Manuel Doblado,36486,64 Avenida Central
Canada,Quebec,Abitibi-Témiscamingue-Est (Radisson),J0Y,50 Park Avenue
Canada,Quebec,Akwesasne Region (Akwesasne),H0M,518 Park Avenue
Canada,Manitoba,Winkler,R6W,977 First Avenue
Mexico,Campeche,Escárcega,24367,192 Calle Allende
Mexico,Michoacán de Ocampo,Chinicuila,60824,136 Avenida Universidad
Canada,Alberta,Fort McMurray Outer Central,T9H,606 River Road
Canada,Saskatchewan,Saskatoon Northwest,S7R,185 Oak Street
Canada,Ontario,Smiths Falls,K7A,281 Oak Street
Canada,Newfoundland and Labrador,Port au Port Peninsula region (St. George's),A0N,44 Lake Street
Canada,British Columbia,West Vancouver West,V7W,540 Lake Street
Mexico,México,San José del Rincón,50663,733 Avenida Insurgentes
Mexico,Chihuahua,Rosales,33123,674 Calle Zaragoza
Mexico,Veracruz de Ignacio de la Llave,Santiago Tuxtla,95835,178 Avenida Universidad
Mexico,Chiapas,Acapetahua,30583,244 Calle Zaragoza
Mexico,Sinaloa,Guasave,81107,828 Calle Hidalgo
Canada,Alberta,Calgary (Mount Pleasant / Capitol Hill / Banff Trail),T2M,368 King Street
Canada,Quebec,Laurentides-Nord (Montcalm),J0T,623 Main Street
Canada,British Columbia,North Vancouver Outer East,V7G,890 Queen Street
Canada,Ontario,West Northumberland County (Millbrook),L0A,987 Oak Street
Mexico,Sinaloa,Guasave,81101,347 Avenida Central
Mexico,México,Luvianos,51465,915 Calle Allende
Mexico,Tlaxcala,Tzompantepec,90493,483 Calle Hidalgo
Canada,Alberta,Central Foothills (Sundre),T0M,390 Park Avenue
Canada,Quebec,Sainte-Anne-Des-Monts,G4V,935 King Street
Canada,British Columbia,Pitt Meadows,V3Y,570 Queen Street
Canada,British Columbia,Richmond Central,V6Y,404 Oak Street
Canada,Quebec,Saint-Michel West,H1Z,850 Lake Street
Mexico,Oaxaca,Santa María Ecatepec,70560,226 Calle Independencia
Canada,Quebec,Montreal North North,H1G,697 Oak Street
Canada,Ontario,North York (Humber Summit),M9L,222 Queen Street
Canada,British Columbia,Merritt,V1K,937 Oak Street
Mexico,Tabasco,Macuspana,86725,5 Calle Morelos
Mexico,Michoacán de Ocampo,Irimbo,61285,951 Calle Morelos
Canada,New Brunswick,Durham Bridge,E6C,904 Queen Street
Canada,Alberta,Edmonton (SE Capilano / West Southeast Industrial / East Bonnie Doon),T6B,653 Oak Street
Mexico,Chiapas,Arriaga,30454,754 Calle Allende
Canada,Ontario,Windsor (East Forest Glade),N8R,169 Main Street
Canada,Ontario,Smiths Falls,K7A,571 Maple Street
Mexico,Sonora,Nogales,84105,454 Calle Morelos
Mexico,Chihuahua,Bachíniva,31665,545 Calle Independencia
Mexico,Oaxaca,San José Ayuquila,69230,426 Avenida Reforma
Canada,Ontario,Brampton Southwest,L6X,676 Oak Street
Canada,Quebec,Saint-Vincent-de-Paul,H7C,817 Maple Street
Mexico,Chihuahua,Cuauhtémoc,31510,224 Calle Allende
Mexico,Durango,Mezquital,34984,767 Avenida Universidad
Mexico,Chiapas,Amatenango de la Frontera,30943,679 Avenida Reforma
Canada,British Columbia,Comox,V9M,81 Lake Street
Mexico,México,Tlalnepantla de Baz,54040,864 Avenida Juarez
Mexico,Michoacán de Ocampo,Aguililla,60581,888 Avenida Juarez
Mexico,Guanajuato,San Luis de la Paz,37906,527 Avenida Insurgentes
Canada,British Columbia,Vancouver (Central Kitsilano),V6K,812 Park Avenue
Mexico,Guanajuato,Pueblo Nuevo,36896,105 Avenida Universidad
Mexico,Coahuila de Zaragoza,Francisco I. Madero,27902,552 Avenida Reforma
Canada,Quebec,Maisonneuve,H1V,710 First Avenue
Canada,Quebec,Montérégie-Est (Bedford),J0J,769 Park Avenue
Canada,Newfoundland and Labrador,St. John's Southwest,A1H,344 Lake Street
Mexico,Quintana Roo,Benito Juárez,77516,524 Avenida Insurgentes
Mexico,Zacatecas,Santa María de la Paz,99826,12 Calle Independencia
Mexico,Guerrero,Azoyú,41916,590 Calle Allende
Canada,Ontario,Ottawa (Riverside Park / Hunt Club West / Riverside South / YOW),K1V,568 Maple Street
Mexico,Sonora,Altar,83785,438 Avenida Insurgentes
Mexico,Oaxaca,San Lucas Zoquiápam,68560,821 Calle Independencia
Canada,Ontario,Georgian Bay South Shore (Angus),L0M,886 Lake Street
Canada,Ontario,Windsor South Central (West Walkerville / Remington Park),N8X,898 First Avenue
Mexico,Chihuahua,Guachochi,33197,546 Avenida Reforma
Mexico,Oaxaca,San Felipe Usila,68496,958 Calle Independencia
Canada,British Columbia,Central Okanagan and High Country (Revelstoke),V0E,188 Main Street
Canada,Ontario,Kitchener East,N2A,515 Oak Street
Canada,Ontario,Mississauga (YYZ),L5P,889 Queen Street
Mexico,Sonora,Caborca,83663,939 Calle Zaragoza
Mexico,Querétaro,Jalpan de Serra,76347,574 Avenida Universidad
Canada,Quebec,Saint-Laurent Southeast,H4T,641 Park Avenue
Mexico,Nuevo León,Santiago,67328,372 Calle Zaragoza
Canada,Ontario,Burlington North,L7M,477 Main Street
Mexico,Sinaloa,Badiraguato,80534,632 Calle Hidalgo
Canada,Yukon,Central Yukon (Dawson City),Y0B,580 Maple Street
Canada,Quebec,Montreal West,H4X,879 Queen Street
Mexico,Guerrero,Acapulco de Juárez,39680,796 Avenida Central
Canada,Alberta,Calgary (Brentwood / Collingwood / Nose Hill),T2L,127 Lake Street
Canada,Quebec,Alma Southwest,G8C,312 Cedar Road
Mexico,Michoacán de Ocampo,Penjamillo,59473,622 Calle Morelos
Mexico,Chihuahua,Guadalupe y Calvo,33493,620 Calle Hidalgo
Canada,Prince Edward Island,Prince County (Portage),C0B,377 River Road
Mexico,Hidalgo,San Bartolo Tutotepec,43440,202 Calle Allende
Canada,Ontario,Sault Ste. Marie North,P6C,432 Queen Street
Canada,British Columbia,Prince George East Central,V2L,863 Lake Street
Canada,Ontario,Markham Central,L3P,841 River Road
Mexico,Jalisco,Zapopan,45066,700 Avenida Reforma
Canada,New Brunswick,Campbellton,E3N,376 Main Street
Canada,Nova Scotia,Porters Lake,B3E,705 Oak Street
Mexico,Hidalgo,Tizayuca,43824,504 Calle Allende
Canada,Saskatchewan,Swift Current,S9H,792 First Avenue
Canada,Ontario,Woodstock South,N4V,639 Maple Street
Mexico,Michoacán de Ocampo,La Piedad,59379,116 Avenida Insurgentes
Canada,Newfoundland and Labrador,Paradise,A1L,233 Lake Street
Canada,Manitoba,Selkirk,R1A,666 Main Street
Mexico,Chiapas,Chamula,29337,463 Calle Independencia
Mexico,Guanajuato,Guanajuato,36093,977 Avenida Reforma
Canada,Ontario,Lake Superior North Shore (Marathon),P0T,457 King Street
Canada,Ontario,Georgian Bay Southwest Shore (Dundalk),N0C,216 Maple Street
Canada,British Columbia,West Vancouver South,V7V,266 Queen Street
Mexico,Sinaloa,Mazatlán,82238,810 Avenida Insurgentes
Mexico,Jalisco,Huejuquilla el Alto,46022,378 Calle Zaragoza
Mexico,Guanajuato,Pénjamo,36920,680 Avenida Central
Mexico,Michoacán de Ocampo,Morelia,58090,787 Avenida Central
Canada,Alberta,Calgary (Hawkwood / Arbour Lake / Royal Oak / Rocky Ridge),T3G,90 Oak Street
Canada,British Columbia,Cariboo and West Okanagan (100 Mile House),V0K,73 King Street
Mexico,Chiapas,Tuxtla Gutiérrez,29040,346 Avenida Reforma
Mexico,Chiapas,Acapetahua,30584,936 Avenida Juarez
Canada,Quebec,Jean-Talon Northeast,G2M,350 Park Avenue
Canada,Nova Scotia,Loch Lomond,B2E,351 Main Street
Canada,Ontario,Hamilton (Sherwood / Huntington / Upper King's Forest / Lisgar / Berrisfield / Hampton Heights / Sunninghill),L8T,685 Park Avenue
Canada,Ontario,Don Mills North,M3B,151 Oak Street
Canada,Ontario,Central Toronto (North Toronto West),M4R,139 Oak Street
Canada,Ontario,Cambridge Northeast,N3C,976 Cedar Road
Canada,British Columbia,Duncan,V9L,268 Maple Street
Mexico,Coahuila de Zaragoza,Parras,27992,746 Calle Hidalgo
Mexico,Nuevo León,Salinas Victoria,65514,535 Avenida Juarez
Canada,Ontario,Oakville West,L6M,502 Lake Street
Canada,Manitoba,North Interlake (Stonewall),R0C,952 Lake Street
Canada,Ontario,Kitchener West,N2N,931 Lake Street
Canada,Ontario,Stratford South,N4Z,524 River Road
Canada,Ontario,North Bay North,P1C,242 King Street
Canada,Ontario,Windsor (East Riverside),N8P,192 Cedar Road
Canada,Ontario,Niagara Falls Southeast,L2G,920 River Road
Canada,Nova Scotia,Kentville,B4N,62 Main Street
Mexico,Durango,Tamazula,34586,329 Calle Zaragoza
Mexico,Michoacán de Ocampo,Jungapeo,61474,78 Calle Zaragoza
Mexico,Veracruz de Ignacio de la Llave,Hueyapan de Ocampo,95854,627 Calle Allende
Mexico,Durango,Tamazula,34574,840 Calle Allende
Mexico,Nuevo León,Monterrey,64178,639 Calle Morelos
Canada,Manitoba,East St. Paul,R2E,11 Queen Street
Canada,New Brunswick,Moncton West,E1E,228 Cedar Road
Canada,British Columbia,Richmond West,V7C,212 River Road
Canada,Nova Scotia,Halifax Lower Harbour,B3H,450 Maple Street
Mexico,Durango,Canatlán,34466,5 Calle Hidalgo
Mexico,Durango,El Oro,35674,544 Calle Hidalgo
Canada,Quebec,Sainte-Catherine-de-la-Jacques-Cartier,G3N,952 River Road
Canada,Ontario,Timiskaming North (Iroquois Falls A),P0K,360 Queen Street
Canada,British Columbia,Penticton,V2A,624 Main Street
Mexico,Distrito Federal,Gustavo A. Madero,07790,117 Avenida Reforma
Mexico,Guanajuato,Celaya,38013,202 Avenida Reforma
Canada,Alberta,Calgary (Oak Ridge / Haysboro / Kingsland / Windsor Park),T2V,20 First Avenue
Canada,New Brunswick,Canterbury,E6H,284 First Avenue
Mexico,San Luis Potosí,Ciudad Valles,79267,218 Calle Allende
Mexico,Tamaulipas,González,89725,832 Calle Morelos
Mexico,Nayarit,Tepic,63184,990 Calle Hidalgo
Mexico,Baja California Sur,La Paz,23289,153 Avenida Universidad
Mexico,Yucatán,Tizimín,97715,947 Calle Allende
Mexico,Baja California,Tecate,21503,611 Calle Zaragoza
Mexico,Morelos,Cuautla,62748,522 Calle Morelos
Mexico,Puebla,Tehuacán,75740,28 Avenida Central
Canada,Quebec,Greenfield Park,J4V,313 Oak Street
Mexico,San Luis Potosí,Soledad de Graciano Sánchez,78439,418 Calle Allende
Mexico,Tlaxcala,Nanacamilpa de Mariano Arista,90280,498 Calle Allende
Mexico,Tamaulipas,Tampico,89364,65 Calle Morelos
Canada,Alberta,Lloydminster,T9V,164 First Avenue
Mexico,Oaxaca,San Mateo Piñas,70971,129 Avenida Juarez
Mexico,Chihuahua,Chihuahua,31160,83 Avenida Universidad
Mexico,Distrito Federal,Milpa Alta,12410,840 Avenida Reforma
Canada,Ontario,Willowdale South,M2N,317 Main Street
Canada,New Brunswick,Fredericton South New Brunswick Provincial Government,E3B,52 Cedar Road
Canada,Ontario,Scarborough (Agincourt),M1S,472 King Street
Canada,New Brunswick,Inkerman,E8P,402 Queen Street
Canada,Ontario,London (West Huron Heights / Carling),N5Y,584 Oak Street
Mexico,Puebla,Amozoc,72980,45 Calle Independencia
Mexico,Guanajuato,San Felipe,37616,167 Avenida Reforma
Canada,British Columbia,Trail,V1R,763 Maple Street
Mexico,Hidalgo,Huejutla de Reyes,43010,101 Avenida Juarez
Canada,Alberta,Calgary Northeast,T3N,1 Queen Street
Mexico,Morelos,Yautepec,62732,630 Calle Hidalgo
Mexico,Yucatán,Kinchil,97363,327 Avenida Reforma
Mexico,Veracruz de Ignacio de la Llave,Hueyapan de Ocampo,95854,151 Avenida Insurgentes
Mexico,Hidalgo,Huazalingo,43072,888 Calle Allende
Canada,British Columbia,Vancouver (Waterfront / Coal Harbour / Canada Place),V6C,255 Park Avenue
Canada,Ontario,Scarborough (Dorset Park / Wexford Heights / Scarborough Town Centre),M1P,49 Main Street
Mexico,Nuevo León,Apodaca,66630,335 Avenida Reforma
Canada,Alberta,Edmonton (North Jasper Place),T5P,795 River Road
Canada,Ontario,Georgetown,L7G,643 Park Avenue
Mexico,Coahuila de Zaragoza,Morelos,26517,540 Calle Allende
Canada,Ontario,Holland Landing,L9N,585 Lake Street
Mexico,Durango,Santa Clara,35894,203 Avenida Juarez
Mexico,Michoacán de Ocampo,Pátzcuaro,61612,729 Calle Independencia
Canada,Ontario,Mississauga (Malton),L4T,599 Cedar Road
Mexico,Tabasco,Huimanguillo,86444,28 Avenida Universidad
Canada,Manitoba,Winnipeg (River East Central),R2K,626 Maple Street
Canada,Quebec,Saint-Jérôme Southeast,J7Z,958 Park Avenue
Canada,Ontario,Mississauga (West Rathwood / East Hurontario / SE Gateway),L4Z,265 First Avenue
Mexico,Guerrero,Chilapa de Álvarez,41115,311 Calle Allende
Mexico,Hidalgo,Cuautepec de Hinojosa,43750,161 Calle Hidalgo
Mexico,Tamaulipas,Victoria,87025,950 Calle Zaragoza
Mexico,Chiapas,Escuintla,30605,462 Calle Zaragoza
Mexico,Nuevo León,Aramberri,67957,943 Calle Hidalgo
Mexico,Nuevo León,Apodaca,66610,626 Calle Zaragoza
Canada,Ontario,Ajax Northwest,L1T,256 Oak Street
Mexico,Jalisco,Lagos de Moreno,47516,626 Calle Morelos
Canada,Ontario,Central Toronto (Davisville),M4S,26 River Road
Mexico,Nayarit,Amatlán de Cañas,63960,850 Avenida Universidad
Canada,Alberta,Athabasca,T9S,560 Cedar Road
Canada,Quebec,Matane,G4W,194 Cedar Road
Canada,Alberta,Cold Lake,T9M,466 Lake Street
Mexico,Tamaulipas,Río Bravo,88800,589 Avenida Central
Mexico,Guanajuato,Comonfort,38206,660 Avenida Juarez
Mexico,México,El Oro,50615,702 Avenida Juarez
Mexico,Tamaulipas,Matamoros,87360,801 Calle Morelos
Canada,Ontario,Peterborough (Fairbairn Meadows / Jackson Heights),K9K,431 Maple Street
Canada,Quebec,Lac-Megantic,G6B,81 Maple Street
Mexico,Chiapas,Tuxtla Gutiérrez,29064,14 Calle Independencia
Canada,Newfoundland and Labrador,St. John's Central,A1E,812 Lake Street
Canada,Saskatchewan,Weyburn,S4H,33 River Road
Canada,British Columbia,Richmond (Sea Island / YVR),V7B,156 Maple Street
Canada,Ontario,Oshawa East,L1K,722 Lake Street
Mexico,Guanajuato,Santa Cruz de Juventino Rosas,38255,300 Avenida Insurgentes
Mexico,Guanajuato,Pénjamo,36916,220 Calle Zaragoza
Canada,New Brunswick,Gagetown,E5M,616 Lake Street
Canada,Ontario,Hamilton (Confederation Park / Nashdale / East Kentley / Riverdale / Lakely / Grayside / North Stoney Creek),L8E,361 Maple Street
Canada,Quebec,L'Île-Des-Soeurs,H3E,364 Lake Street
Mexico,Sonora,Fronteras,84324,622 Calle Zaragoza
Canada,Ontario,Strathroy,N7G,516 Maple Street
Canada,Ontario,Brampton West Central,L6Z,741 Lake Street
Canada,Ontario,Weston,M9N,393 Lake Street
Canada,Ontario,Windsor (University / South Cameron),N9B,401 Queen Street
Mexico,Querétaro,Pedro Escobedo,76741,430 Calle Morelos
Mexico,Guerrero,Benito Juárez,40966,227 Calle Independencia
Canada,Alberta,Calgary (Hawkwood / Arbour Lake / Royal Oak / Rocky Ridge),T3G,962 Cedar Road
Canada,New Brunswick,Saint-Leonard,E7E,187 Queen Street
Canada,Alberta,Edmonton (West University / Strathcona Place),T6G,360 Oak Street
Mexico,San Luis Potosí,Ciudad Valles,79267,896 Avenida Central
Canada,Quebec,Charlesbourg North,G2L,587 Lake Street
Canada,British Columbia,Oak Bay South,V8S,645 Cedar Road
Mexico,México,Otzoloapan,51149,235 Avenida Universidad
Mexico,Chiapas,Salto de Agua,29904,802 Avenida Reforma
Canada,Quebec,Mont-Laurier,J9L,855 Park Avenue
Mexico,Chihuahua,Guachochi,33188,497 Calle Allende
Mexico,San Luis Potosí,Mexquitic de Carmona,78460,74 Avenida Universidad
Mexico,Campeche,Carmen,24300,533 Calle Hidalgo
Mexico,Coahuila de Zaragoza,Torreón,27020,58 Avenida Insurgentes
Mexico,Veracruz de Ignacio de la Llave,Minatitlán,96870,438 Avenida Universidad
Mexico,Colima,Colima,28090,653 Calle Independencia
Canada,Ontario,Markham Inner Southwest,L6G,859 First Avenue
Canada,New Brunswick,Boiestown,E6A,539 Queen Street
Mexico,Chiapas,Reforma,29507,81 Avenida Insurgentes
Canada,British Columbia,Vancouver (SW Downtown),V6Z,148 Park Avenue
Mexico,Michoacán de Ocampo,Nahuatzen,60285,19 Calle Hidalgo
Mexico,Guerrero,Chilpancingo de los Bravo,39010,152 Avenida Juarez
Canada,Quebec,Pointe-Saint-Charles,H3K,573 Maple Street
Mexico,Guerrero,Cutzamala de Pinzón,40636,227 Calle Independencia
Mexico,Michoacán de Ocampo,Tacámbaro,61658,209 Avenida Insurgentes
Mexico,México,Tejupilco,51424,196 Avenida Reforma
Canada,Quebec,Magog,J1X,138 Queen Street
Canada,Quebec,Laurentides-Sud (Chénéville),J0V,229 Main Street
Mexico,San Luis Potosí,Soledad de Graciano Sánchez,78438,330 Avenida Reforma
Mexico,Jalisco,Puerto Vallarta,48290,741 Calle Hidalgo
Mexico,Guerrero,Taxco de Alarcón,40214,253 Calle Hidalgo
Mexico,Jalisco,Guadalajara,44790,297 Calle Hidalgo
Mexico,Yucatán,Temozón,97744,912 Avenida Reforma
Canada,New Brunswick,Saint-Jacques,E7B,898 Oak Street
Canada,Alberta,Edmonton (Ellerslie),T6X,2 Queen Street
Mexico,Chihuahua,Praxedis G. Guerrero,32789,189 Avenida Central
Mexico,Puebla,San Jerónimo Xayacatlán,74956,232 Calle Hidalgo
Canada,Quebec,Saint-Jean-Chrysostome,G6Z,859 Oak Street
Canada,Quebec,Saint-Lambert Central,J4R,92 Lake Street
Canada,Ontario,Oakville North,L6H,494 Park Avenue
Mexico,Durango,Guanaceví,35436,49 Avenida Central
Mexico,Baja California,Ensenada,22813,141 Avenida Insurgentes
Canada,Alberta,Calgary (Millrise / Somerset / Bridlewood / Evergreen),T2Y,343 Queen Street
Canada,Ontario,Scarborough (Steeles West / L'Amoreaux West),M1W,865 King Street
Mexico,México,Zacazonapan,51160,595 Avenida Juarez
Canada,British Columbia,Kelowna East,V1P,240 Queen Street
Canada,Quebec,Hochelaga,H1W,195 Maple Street
Canada,New Brunswick,Shippagan,E8S,894 King Street
Canada,Ontario,Windsor (City Centre / NW Walkerville),N9A,945 Cedar Road
Canada,Ontario,Mississauga (Matheson / East Rathwood),L4W,722 Lake Street
Canada,Quebec,Sainte-Catherine,J5C,636 Cedar Road
Mexico,Sonora,Arizpe,84656,219 Calle Zaragoza
Mexico,Durango,San Dimas,34675,941 Calle Hidalgo
Canada,Ontario,Sarnia Southeast,N7W,342 Lake Street
Canada,Ontario,Thunder Bay Northeast,P7A,804 Lake Street
Canada,Ontario,Huron (Wingham),N0G,782 King Street
Mexico,Coahuila de Zaragoza,Matamoros,27442,477 Calle Independencia
Canada,Alberta,Fort McMurray Outer Central,T9H,235 Oak Street
Canada,Quebec,Mercier,J6R,949 Lake Street
Mexico,Sonora,Navojoa,85223,628 Avenida Reforma
Mexico,Tlaxcala,Atltzayanca,90555,151 Avenida Juarez
Canada,Newfoundland and Labrador,Windsor,A2B,53 Oak Street
Canada,British Columbia,Highlands,V9B,562 Park Avenue
Mexico,Guanajuato,Salamanca,36863,225 Avenida Universidad
Canada,British Columbia,Saanich East,V8N,761 Park Avenue
Canada,Ontario,Kenora,P9N,824 Main Street
Mexico,Zacatecas,Guadalupe,98612,304 Calle Independencia
Mexico,Tabasco,Comalcalco,86640,168 Calle Zaragoza
Mexico,Yucatán,Mérida,97160,894 Calle Hidalgo
Mexico,Hidalgo,Pachuca de Soto,42088,452 Avenida Insurgentes
Canada,Quebec,Lac-Beauport,G3B,726 Oak Street
Canada,Alberta,Fort McMurray Inner Central,T9J,888 Queen Street
Canada,British Columbia,Vancouver (East Fairview / South Cambie),V5Z,602 Maple Street
Canada,New Brunswick,Saint-Antoine,E4V,470 King Street
Canada,Ontario,Fort Erie,L2A,362 King Street
Canada,Ontario,Georgetown,L7G,618 First Avenue
Mexico,Guanajuato,Coroneo,38594,679 Calle Zaragoza
Mexico,Baja California,Tijuana,22253,47 Avenida Insurgentes
Canada,New Brunswick,Moores Mills,E5A,360 First Avenue
Canada,Nunavut Territory,Outer Nunavut (Iqaluit),X0A,519 Maple Street
Canada,Ontario,Timiskaming North (Iroquois Falls A),P0K,16 Cedar Road
Mexico,Guerrero,Teloloapan,40424,967 Avenida Universidad
Canada,Ontario,Fergus,N1M,891 Cedar Road
Mexico,Tabasco,Balancán,86947,70 Calle Morelos
Canada,Ontario,Gloucester (Blossom Park / Hunt Club East / Leitrim),K1T,179 Lake Street
Mexico,Chihuahua,Guadalupe y Calvo,33485,429 Avenida Reforma
Canada,Manitoba,Southwestern Manitoba (Virden),R0M,301 River Road
Mexico,Puebla,Guadalupe Victoria,75040,101 Avenida Reforma
Canada,Nunavut Territory,Central Nunavut (Cambridge Bay),X0B,734 Cedar Road
Canada,Ontario,St. Catharines West,L2W,626 Main Street
Mexico,Hidalgo,Zempoala,43851,761 Avenida Reforma
Canada,Quebec,Cap-Rouge,G1Y,370 Main Street
Mexico,San Luis Potosí,Rayón,79755,910 Calle Independencia
Canada,British Columbia,Richmond Southeast,V6W,967 Main Street
Mexico,San Luis Potosí,Santo Domingo,78638,514 Calle Allende
Mexico,Oaxaca,Oaxaca de Juárez,68023,173 Avenida Reforma
Canada,New Brunswick,Petit-Rocher,E8J,727 Lake Street
Mexico,Sinaloa,Mocorito,80936,530 Calle Allende
Canada,British Columbia,Vernon West,V1H,83 Lake Street
Mexico,Sinaloa,Guasave,81028,812 Avenida Universidad
Canada,Alberta,Edmonton (Central Jasper Place / Buena Vista),T5R,653 King Street
Canada,Alberta,Red Deer North,T4P,160 River Road
Canada,Quebec,Saint-Henri,H4C,661 Maple Street
Mexico,Guanajuato,Cortazar,38363,794 Calle Hidalgo
Mexico,Guerrero,Iguala de la Independencia,40030,517 Calle Zaragoza
Mexico,Guerrero,Chilpancingo de los Bravo,39078,195 Calle Independencia
Canada,Quebec,Saint-Jean-sur-Richelieu East,J2X,917 First Avenue
Canada,Quebec,Abitibi-Témiscamingue-Est (Radisson),J0Y,111 Main Street
Mexico,Tamaulipas,Valle Hermoso,87507,500 Avenida Central
Mexico,México,Tezoyuca,56006,257 Avenida Universidad
Mexico,Guanajuato,Guanajuato,36236,457 Calle Hidalgo
Mexico,Durango,San Dimas,34687,444 Calle Hidalgo
Canada,British Columbia,Central Okanagan and High Country (Revelstoke),V0E,998 First Avenue
Mexico,Jalisco,Tototlán,47741,267 Avenida Insurgentes
Mexico,Michoacán de Ocampo,Carácuaro,61936,720 Avenida Juarez
Canada,Ontario,Renfrew,K7V,759 Queen Street
Canada,Ontario,Central Toronto (The Annex / North Midtown / Yorkville),M5R,451 Cedar Road
Mexico,Baja California,Ensenada,22785,532 Avenida Universidad
Canada,Saskatchewan,Regina West,S4T,679 Oak Street
Mexico,Coahuila de Zaragoza,Villa Unión,26623,318 Avenida Juarez
Canada,Ontario,Hamilton (Sherwood / Huntington / Upper King's Forest / Lisgar / Berrisfield / Hampton Heights / Sunninghill),L8T,779 Queen Street
Mexico,Zacatecas,Ojocaliente,98706,399 Avenida Universidad
Canada,Alberta,Calgary (City Centre / Calgary Tower),T2P,497 Park Avenue
Canada,Saskatchewan,Prince Albert Central,S6V,79 First Avenue
Canada,Ontario,West Toronto (High Park / The Junction South),M6P,965 King Street
Mexico,Baja California,Mexicali,21390,451 Calle Zaragoza
Mexico,Chiapas,Frontera Comalapa,30149,414 Calle Hidalgo
Mexico,Nuevo León,Apodaca,66644,477 Calle Zaragoza
Canada,Nova Scotia,Sydney West,B1R,130 Queen Street
Mexico,Chihuahua,Chihuahua,31110,3 Avenida Reforma
Canada,Ontario,Cumberland,K4C,200 Cedar Road
Mexico,Sinaloa,Navolato,80327,700 Avenida Central
Canada,Ontario,Niagara Falls North,L2J,144 Park Avenue
Mexico,Nayarit,Del Nayar,63548,100 Calle Allende
Mexico,Chihuahua,Juárez,32695,759 Avenida Central
Mexico,Michoacán de Ocampo,Morelia,58337,70 Calle Allende
Canada,New Brunswick,Debec,E7N,738 Queen Street
Canada,Ontario,Kingston (Reddendale / Cataraqui / Collins Bay),K7M,434 Queen Street
Canada,Quebec,L'Erable (Nantes),G0Y,639 Cedar Road
Canada,British Columbia,North Vancouver Southwest,V7P,659 Queen Street
Canada,Nova Scotia,Dartmouth Southwest,B3A,296 King Street
Mexico,Puebla,Esperanza,75560,604 Avenida Reforma
Mexico,México,Tepotzotlán,54657,483 Calle Zaragoza
Canada,Ontario,Windsor South (East Malden),N9E,881 First Avenue
Mexico,Guanajuato,Romita,36213,752 Avenida Juarez
Canada,Alberta,Chestermere,T1X,540 Park Avenue
Canada,Ontario,Greater Sudbury (Robinson / Lockerby),P3E,88 River Road
Mexico,Guanajuato,Acámbaro,38756,480 Avenida Universidad
Canada,New Brunswick,Campbellton,E3N,73 Cedar Road
Mexico,Chiapas,Tapachula,30830,525 Calle Allende
Mexico,Quintana Roo,Isla Mujeres,77407,542 Calle Independencia
Mexico,Guanajuato,Romita,36216,259 Avenida Universidad
Canada,British Columbia,Ladysmith,V9G,247 First Avenue
Mexico,México,Toluca,50240,537 Avenida Central
Canada,Nova Scotia,Dartmouth Southwest,B3A,577 King Street
Mexico,Querétaro,Jalpan de Serra,76356,248 Calle Morelos
Canada,Nova Scotia,Fourchu,B2J,243 Park Avenue
Canada,Quebec,Roxboro,H8Y,659 Maple Street
Mexico,Veracruz de Ignacio de la Llave,Río Blanco,94732,454 Avenida Reforma
Mexico,Veracruz de Ignacio de la Llave,Hueyapan de Ocampo,95850,37 Avenida Reforma
Canada,Ontario,Neebing,P7L,331 First Avenue
Canada,Quebec,Sainte-Catherine,J5C,712 Lake Street
Canada,Ontario,East York (Thorncliffe Park),M4H,134 Lake Street
Mexico,Chiapas,Escuintla,30606,43 Calle Zaragoza
Canada,British Columbia,Harrison Lake Region (Agassiz),V0M,788 Cedar Road
Mexico,Coahuila de Zaragoza,Francisco I. Madero,27913,631 Avenida Reforma
Canada,Ontario,Mississauga (Lisgar / Meadowvale),L5N,952 Queen Street
Canada,British Columbia,Coquitlam North,V3J,856 River Road
Mexico,Sonora,Arizpe,84657,393 Avenida Juarez
Canada,Saskatchewan,Regina North Central,S4R,293 River Road
Mexico,San Luis Potosí,Ciudad Valles,79059,735 Calle Allende
Mexico,Chiapas,Cintalapa,30409,321 Avenida Universidad
Mexico,Sonora,Navojoa,85239,701 Avenida Central
Mexico,Guerrero,Olinalá,41002,727 Avenida Juarez
Mexico,Campeche,Escárcega,24365,54 Avenida Insurgentes
Mexico,México,San Felipe del Progreso,50695,424 Calle Morelos
Canada,Ontario,Timmins Region (South Porcupine),P0N,481 Main Street
Mexico,Durango,Durango,34317,707 Calle Allende
Canada,Quebec,Griffintown (Includes Île Notre-Dame & Île Sainte-Hélène),H3C,606 Main Street
Canada,Saskatchewan,Weyburn,S4H,286 King Street
Mexico,Veracruz de Ignacio de la Llave,Hueyapan de Ocampo,95865,883 Calle Morelos
Canada,British Columbia,North Vancouver Northwest,V7R,710 River Road
Mexico,Guerrero,Zapotitlán Tablas,41403,737 Avenida Juarez
Mexico,México,Tejupilco,51412,991 Calle Allende
Mexico,Quintana Roo,Othón P. Blanco,77025,196 Avenida Universidad
Mexico,Morelos,Cuautla,62742,478 Calle Allende
Mexico,Nayarit,Santa María del Oro,63836,297 Calle Allende
Mexico,Michoacán de Ocampo,Aguililla,60573,599 Calle Morelos
Canada,Ontario,Etobicoke (Westmount),M9P,200 Main Street
Canada,Nova Scotia,Dartmouth Southwest,B3A,700 River Road
Canada,Alberta,Strathmore,T1P,793 First Avenue
Canada,Ontario,Downtown Toronto (Rosedale),M4W,385 King Street
Canada,Manitoba,Brandon Southwest,R7B,368 First Avenue
Canada,Ontario,North York (Bayview Village),M2K,678 Oak Street
Mexico,San Luis Potosí,Zaragoza,79546,682 Calle Morelos
Canada,Quebec,Métabetchouan-Lac-a-la-Croix,G8G,216 Main Street
Canada,Quebec,Vaudreuil-Soulanges (Coteau-du-Lac),J0P,122 Cedar Road
Mexico,Chiapas,Las Margaritas,30232,286 Calle Morelos
Canada,Alberta,Bonnyville,T9N,998 Maple Street
Canada,Nova Scotia,Mainland east shore (Lunenburg),B0J,498 Maple Street
Canada,Ontario,Ottawa (Rockcliffe Park / New Edinburgh),K1M,226 River Road
Mexico,Chihuahua,Juárez,32270,447 Avenida Juarez
Mexico,Sinaloa,Badiraguato,80679,485 Calle Hidalgo
Mexico,San Luis Potosí,San Luis Potosí,78406,759 Calle Zaragoza
Mexico,Durango,Mezquital,34994,268 Avenida Juarez
Mexico,Tabasco,Cárdenas,86471,474 Avenida Universidad
Mexico,Guanajuato,Pénjamo,36924,560 Calle Hidalgo
Mexico,Chihuahua,Juárez,32310,406 Avenida Universidad
Canada,Ontario,Downsview West,M3L,343 Park Avenue
Mexico,Chiapas,Juárez,29510,342 Calle Hidalgo
Mexico,San Luis Potosí,Mexquitic de Carmona,78476,596 Calle Zaragoza
Mexico,México,Aculco,50375,561 Calle Allende
Mexico,Oaxaca,Santos Reyes Nopala,71963,595 Avenida Central
Mexico,Veracruz de Ignacio de la Llave,Papantla,93486,369 Calle Morelos
Mexico,México,Ecatepec de Morelos,55039,429 Calle Morelos
Mexico,Sinaloa,Cosalá,80733,591 Calle Allende
Canada,Newfoundland and Labrador,Labrador City,A2V,869 Oak Street
Mexico,Hidalgo,Francisco I. Madero,42660,139 Calle Allende
Mexico,Puebla,Huauchinango,73178,796 Avenida Central
Mexico,México,Cuautitlán Izcalli,54740,26 Avenida Juarez
Canada,Manitoba,Southwestern Manitoba (Virden),R0M,739 King Street
Canada,New Brunswick,Florenceville,E7L,139 Maple Street
Mexico,San Luis Potosí,Tamazunchale,79965,800 Calle Morelos
Mexico,Sonora,Hermosillo,83334,322 Avenida Juarez
Canada,Ontario,Windsor (University / South Cameron),N9B,991 Main Street
Canada,Ontario,Ottawa (Riverside Park / Hunt Club West / Riverside South / YOW),K1V,395 Queen Street
Mexico,Morelos,Cuernavaca,62245,856 Avenida Juarez
Mexico,Oaxaca,Zimatlán de Álvarez,71207,596 Calle Allende
Mexico,Jalisco,Mazamitla,49530,52 Calle Hidalgo
Mexico,Nayarit,Del Nayar,63548,598 Avenida Universidad
Mexico,Veracruz de Ignacio de la Llave,Poza Rica de Hidalgo,93320,102 Calle Independencia
Mexico,Hidalgo,Pachuca de Soto,42088,698 Avenida Insurgentes
Mexico,Sonora,Aconchi,84920,648 Avenida Juarez
Mexico,México,Tlatlaya,51587,60 Avenida Insurgentes
Canada,Alberta,Medicine Hat North,T1C,473 Queen Street
Mexico,México,Ecatepec de Morelos,55069,256 Avenida Central
Mexico,Durango,San Dimas,34695,526 Calle Hidalgo
Mexico,Sinaloa,Badiraguato,80536,68 Avenida Reforma
Canada,Quebec,Mount Royal North,H3P,509 Main Street
Canada,Quebec,Granby Central,J2G,826 Main Street
Canada,New Brunswick,Coverdale,E1J,35 Park Avenue
Mexico,México,Luvianos,51453,975 Avenida Juarez
Canada,British Columbia,Richmond North,V6X,49 Lake Street
Mexico,Veracruz de Ignacio de la Llave,Tuxpan,92883,991 Avenida Central
Mexico,Hidalgo,Yahualica,43086,688 Avenida Juarez
Canada,Quebec,Longueuil Southwest,J4K,737 River Road
Mexico,Guerrero,Atoyac de Álvarez,40935,651 Calle Independencia
Mexico,Veracruz de Ignacio de la Llave,Tantoyuca,92124,948 Avenida Universidad
Canada,Quebec,Sainte-Anne-Des-Monts,G4V,801 Park Avenue
Mexico,Distrito Federal,Xochimilco,16739,41 Avenida Universidad
Mexico,Veracruz de Ignacio de la Llave,Veracruz,91726,455 Calle Hidalgo
Canada,Quebec,Aylmer North,J9J,522 Cedar Road
Canada,Ontario,Willowdale East (Newtonbrook),M2M,727 Cedar Road
Canada,Ontario,Woodstock South,N4V,933 Queen Street
Canada,Alberta,Olds,T4H,521 Oak Street
Canada,New Brunswick,Blackville,E9B,589 Maple Street
Canada,Quebec,Lachine West,H8T,918 Maple Street
Canada,Ontario,Downtown Toronto (Commerce Court / Victoria Hotel),M5L,841 Cedar Road
Canada,Saskatchewan,Regina West,S4T,863 Lake Street
Canada,Ontario,Gloucester (Beacon Hill / Cyrville),K1J,416 Main Street
Mexico,México,Acolman,55886,28 Avenida Juarez
Mexico,Puebla,Cuautlancingo,72735,96 Calle Independencia
Canada,New Brunswick,Kingston,E5S,310 River Road
Canada,British Columbia,Vancouver (NW Arbutus Ridge),V6L,35 Park Avenue
Canada,Quebec,Beaconsfield,H9W,224 Maple Street
Mexico,Guerrero,Acapulco de Juárez,39460,496 Avenida Universidad
Mexico,México,Acolman,55885,658 Calle Independencia
Canada,British Columbia,Saltspring Island,V8K,399 Oak Street
Canada,Quebec,Verdun South,H4H,84 Cedar Road
Canada,Manitoba,Brandon Southeast,R7A,519 Maple Street
Mexico,Sinaloa,Mocorito,80935,494 Calle Independencia
Canada,British Columbia,Campbell River Outskirts,V9H,825 Queen Street
Canada,Ontario,Penetanguishene,L9M,490 Park Avenue
Mexico,Coahuila de Zaragoza,Francisco I. Madero,27904,698 Avenida Insurgentes
Mexico,Sinaloa,Culiacán,80248,65 Calle Morelos
Mexico,Sonora,Puerto Peñasco,83554,993 Avenida Juarez
Mexico,México,Tejupilco,51427,33 Avenida Central
Canada,Quebec,Joliette,J6E,670 Park Avenue
Canada,Ontario,Markham Northwest,L6C,78 River Road
Canada,Ontario,National Capital Region (Almonte),K0A,25 Park Avenue
Canada,Quebec,Trois-Rivières West,G9C,275 River Road
Mexico,Sonora,Huatabampo,85900,234 Calle Allende
Canada,Quebec,Saint-Cyrille-De-Wendover,J1Z,102 King Street
Canada,Ontario,Ottawa (Riverside Park / Hunt Club West / Riverside South / YOW),K1V,319 Maple Street
Mexico,Michoacán de Ocampo,Apatzingán,60754,598 Calle Allende
Mexico,Veracruz de Ignacio de la Llave,Poza Rica de Hidalgo,93220,712 Avenida Insurgentes
Mexico,Guerrero,Pungarabato,40678,584 Avenida Reforma
Canada,Nova Scotia,Halifax South,B3R,699 Oak Street
Mexico,Durango,Tamazula,34573,92 Avenida Insurgentes
Canada,Ontario,St. Catharines East,L2P,907 Main Street
Mexico,Durango,Canatlán,34466,832 Avenida Universidad
Canada,Quebec,Saint-Michel West,H1Z,991 Maple Street
Canada,Saskatchewan,Regina West,S4T,334 King Street
Canada,Quebec,Bois-Francs-Sud (Saint-Nazaire-D'Acton),J0H,185 River Road
Canada,Quebec,Shawinigan Northwest,G9R,679 Lake Street
Canada,Ontario,Tecumseh Outskirts,N8N,498 First Avenue
Mexico,Chihuahua,Chínipas,33365,277 Avenida Insurgentes
Canada,Ontario,Uxbridge,L9P,608 First Avenue
Canada,Ontario,Ottawa (The Glebe / Ottawa South / Ottawa East),K1S,754 Lake Street
Mexico,Nuevo León,Santa Catarina,66129,287 Calle Hidalgo
Mexico,Michoacán de Ocampo,Tacámbaro,61655,251 Avenida Reforma
Mexico,Puebla,San Felipe Tepatlán,73357,202 Avenida Universidad
Mexico,Veracruz de Ignacio de la Llave,Jáltipan,96317,539 Avenida Insurgentes
Mexico,Tabasco,Nacajuca,86237,242 Avenida Juarez
Mexico,Yucatán,Muxupip,97458,585 Avenida Juarez
Mexico,Distrito Federal,Álvaro Obregón,01000,714 Avenida Juarez
Mexico,Nuevo León,Guadalupe,67169,178 Avenida Reforma
Canada,Quebec,Notre-Dame-de-Grâce Southwest,H4B,943 Park Avenue
Canada,Ontario,Aurora,L4G,906 Lake Street
Canada,British Columbia,Trail,V1R,577 King Street
Mexico,Chiapas,Arriaga,30461,933 Calle Morelos
Mexico,Jalisco,Jalostotitlán,47127,635 Calle Zaragoza
Mexico,Distrito Federal,Tláhuac,13450,957 Calle Hidalgo
Mexico,Campeche,Campeche,24090,771 Calle Zaragoza
Mexico,Aguascalientes,Jesús María,20908,170 Calle Independencia
Mexico,Colima,Colima,28047,601 Calle Allende
Canada,Manitoba,Winnipeg (St. Boniface NE),R2J,383 Park Avenue
Mexico,Nuevo León,San Pedro Garza García,66278,811 Avenida Universidad
Canada,Saskatchewan,Prince Albert Central,S6V,202 Cedar Road
Mexico,Jalisco,Villa Guerrero,46123,697 Avenida Reforma
Canada,Newfoundland and Labrador,St. John's Central,A1E,35 King Street
Mexico,Nuevo León,Monterrey,64770,274 Calle Independencia
Canada,Ontario,Greater Sudbury (Hanmer),P3P,858 Park Avenue
Mexico,Michoacán de Ocampo,Penjamillo,59482,112 Calle Morelos
Canada,Nova Scotia,Dartmouth East,B2Z,306 Park Avenue
Canada,British Columbia,Northern British Columbia (Fort Nelson),V0C,715 Cedar Road
Mexico,Guanajuato,Abasolo,36985,776 Calle Hidalgo
Canada,Quebec,Saint-Laurent East,H4M,968 Maple Street
Mexico,Chihuahua,Ojinaga,32885,296 Avenida Universidad
Mexico,Chiapas,Chamula,29323,416 Calle Allende
Canada,British Columbia,Winfield,V4V,749 Park Avenue
Canada,Quebec,Plateau Mont-Royal North Central,H2J,322 Oak Street
Mexico,Puebla,Tlatlauquitepec,73903,541 Calle Hidalgo
Canada,Ontario,Central Toronto (Forest Hill North & West),M5P,586 Main Street
Canada,Ontario,East Toronto Business Reply Mail Processing Centre 969 Eastern (Enclave of M4L),M7Y,495 Park Avenue
Mexico,Jalisco,Villa Guerrero,46114,93 Calle Morelos
Mexico,Chihuahua,Guachochi,33194,206 Calle Morelos
Mexico,Jalisco,Guadalajara,44755,651 Calle Morelos
Mexico,Chihuahua,Chihuahua,31130,14 Calle Hidalgo
Mexico,Distrito Federal,La Magdalena Contreras,10640,472 Avenida Central
Canada,Ontario,Downtown Toronto (Rosedale),M4W,391 River Road
Mexico,Michoacán de Ocampo,Purépero,58763,363 Avenida Universidad
Mexico,Chihuahua,Guadalupe y Calvo,33494,486 Avenida Central
Mexico,Michoacán de Ocampo,Carácuaro,61924,685 Calle Zaragoza
Canada,Alberta,Vegreville,T9C,110 Maple Street
Mexico,Oaxaca,San Juan Bautista Cuicatlán,68607,67 Avenida Reforma
Mexico,Sonora,Hermosillo,83306,965 Avenida Universidad
Canada,Quebec,Buckingham,J8L,601 Main Street
Canada,Quebec,Mercier North,H1L,715 Main Street
Mexico,Puebla,Tlatlauquitepec,73909,238 Calle Zaragoza
Canada,Quebec,Ahuntsic Southwest,H3L,689 Lake Street
Mexico,Quintana Roo,Isla Mujeres,77403,35 Calle Allende
Canada,British Columbia,Burnaby (Parkcrest-Aubrey / Ardingley-Sprott),V5B,762 Lake Street
Canada,Quebec,Auteuil Northeast,H7J,727 Park Avenue
Canada,Quebec,Val-Bélair South,G3K,788 King Street
Mexico,Chiapas,Suchiate,30844,298 Avenida Central
Mexico,Hidalgo,Acatlán,43558,679 Calle Morelos
Mexico,Jalisco,Guadalajara,44420,620 Avenida Central
Canada,Ontario,Rideau Lakes area (Kemptville),K0G,393 Oak Street
Canada,Ontario,Minesing,L9X,435 King Street
Canada,British Columbia,Langley Township Southwest,V2Z,655 Park Avenue
Canada,New Brunswick,Sackville,E4L,28 Main Street
Mexico,San Luis Potosí,Charcas,78580,408 Calle Hidalgo
Canada,British Columbia,Parksville,V9P,410 Cedar Road
Mexico,Hidalgo,Metztitlán,43358,557 Avenida Reforma
Canada,British Columbia,Langley Township North,V1M,265 Park Avenue
Canada,British Columbia,Saanich East,V8N,766 Cedar Road
Canada,British Columbia,Kamloops Southwest,V1S,272 Queen Street
Mexico,Sonora,Hermosillo,83334,299 Calle Independencia
Mexico,Guanajuato,Abasolo,36985,487 Avenida Central
Mexico,Chihuahua,Guadalupe y Calvo,33473,580 Calle Morelos
Canada,Ontario,East Toronto Business Reply Mail Processing Centre 969 Eastern (Enclave of M4L),M7Y,504 Maple Street
Mexico,Chiapas,Huixtla,30640,154 Calle Allende
Canada,Alberta,Okotoks,T1S,168 King Street
Mexico,Chihuahua,Cuauhtémoc,31522,192 Avenida Insurgentes
Canada,British Columbia,Kelowna North,V1V,436 Cedar Road
Canada,British Columbia,Vancouver (SW Downtown),V6Z,104 Lake Street
Mexico,Guanajuato,Pénjamo,36946,153 Avenida Insurgentes
Canada,Ontario,St. Catharines East,L2P,938 Oak Street
Mexico,Veracruz de Ignacio de la Llave,Xalapa,91048,396 Avenida Universidad
Canada,Quebec,Quebec City Northeast,G1L,426 Oak Street
Mexico,Quintana Roo,Benito Juárez,77516,240 Calle Zaragoza
Canada,Quebec,Montmagny,G5V,105 King Street
Mexico,Yucatán,Mérida,97116,756 Avenida Universidad
Canada,Quebec,Saint-Lambert Central,J4R,395 Lake Street
Mexico,Tabasco,Centro,86280,5 Calle Independencia
Mexico,Puebla,Hueytlalpan,73434,340 Calle Morelos
Mexico,Guerrero,Chilpancingo de los Bravo,39036,264 Avenida Central
Canada,British Columbia,Burnaby (Maywood / Marlborough / Oakalla / Windsor),V5H,147 Park Avenue
Mexico,Querétaro,Querétaro,76147,678 Calle Independencia
Mexico,Sonora,Pitiquito,83960,611 Avenida Juarez
Canada,Ontario,Renfrew,K7V,202 Maple Street
Mexico,Chihuahua,Hidalgo del Parral,33904,774 Calle Hidalgo
Canada,Ontario,Etobicoke (South Steeles / Silverstone / Humbergate / Jamestown / Mount Olive / Beaumond Heights / Thistletown / Albion Gardens),M9V,822 Lake Street
Canada,Alberta,Calgary (Forest Lawn / Dover / Erin Woods),T2B,693 First Avenue
Canada,Ontario,Niagara Regional Municipality (Fonthill),L0S,736 Cedar Road
Canada,British Columbia,Kamloops North,V2H,327 Main Street
Canada,Alberta,Southeastern Alberta (Drumheller),T0J,942 Cedar Road
Mexico,Coahuila de Zaragoza,Allende,26543,849 Calle Morelos
Canada,British Columbia,Vancouver (South West End),V6E,406 Queen Street
Canada,Ontario,Kingsville,N9Y,544 Park Avenue
Canada,New Brunswick,Saint-Quentin,E8A,141 Maple Street
Mexico,México,Acolman,55884,964 Calle Morelos
Mexico,San Luis Potosí,Villa de Arriaga,78497,429 Calle Morelos
Canada,British Columbia,Maple Ridge East,V2W,312 First Avenue
Mexico,Durango,Santa Clara,35896,755 Avenida Insurgentes
Mexico,Hidalgo,Cuautepec de Hinojosa,43740,492 Avenida Reforma
Canada,Quebec,Hampstead,H3X,694 King Street
Canada,British Columbia,Vernon West,V1H,519 King Street
Mexico,Sonora,Fronteras,84327,712 Avenida Insurgentes
Mexico,Querétaro,Querétaro,76099,996 Avenida Universidad
Canada,Ontario,Gloucester (West Orleans),K1C,339 Queen Street
Mexico,Guerrero,General Heliodoro Castillo,39135,728 Calle Zaragoza
Canada,Ontario,Brantford Northeast,N3P,388 First Avenue
Canada,Ontario,Etobicoke (Alderwood / Long Branch),M8W,567 Cedar Road
Mexico,Sonora,Hermosillo,83323,777 Calle Allende
Canada,Newfoundland and Labrador,Northern Newfoundland (Springdale),A0J,257 Cedar Road
Canada,Quebec,Hull North,J8Z,440 First Avenue
Canada,British Columbia,Victoria South,V8V,707 River Road
Canada,Quebec,Lac-Megantic,G6B,628 Lake Street
Canada,Alberta,Fort McMurray Northwest,T9K,524 Main Street
Canada,Ontario,Neebing,P7L,721 River Road
Canada,Ontario,Renfrew,K7V,204 Maple Street
Mexico,Sonora,Cajeme,85218,186 Avenida Central
Canada,Quebec,Shawinigan Northwest,G9R,592 Oak Street
Canada,Quebec,Reserved (Santa Claus),H0H,663 King Street
Mexico,Puebla,Puebla,72595,462 Avenida Juarez
Canada,Ontario,Hamilton (Southam / Bonnington / Yeoville / Kernighan / Gourley / Rolston / Buchanan / Mohawk / Westcliffe / Gilbert / Gilkson / Gurnett / Fessenden / Mountview),L9C,719 Cedar Road
Mexico,Michoacán de Ocampo,Maravatío,61270,279 Calle Allende
Canada,Quebec,Salaberry-de-Valleyfield North,J6S,571 Lake Street
Mexico,Puebla,Tilapa,74566,363 Calle Morelos
Canada,Ontario,Manitoulin (Little Current),P0P,64 Queen Street
Canada,Newfoundland and Labrador,Manuels,A1W,517 Main Street
Canada,Prince Edward Island,Montague,C0A,933 Maple Street
Canada,British Columbia,Vancouver (Killarney),V5S,355 Cedar Road
Canada,Ontario,Ottawa (West Downtown area),K1R,24 King Street
Canada,British Columbia,Vancouver (West Kitsilano / Jericho),V6R,908 Park Avenue
Canada,Ontario,London (Riverbend / Woodhull / North Sharon Creek / Byron / West Westmount),N6K,369 Cedar Road
Mexico,Puebla,Ayotoxco de Guerrero,73573,982 Calle Allende
Mexico,Yucatán,Motul,97436,292 Calle Hidalgo
Canada,Manitoba,Western Manitoba (Swan River),R0L,76 First Avenue
Canada,British Columbia,Prince George North,V2K,344 Oak Street
Mexico,Zacatecas,Ojocaliente,98706,241 Calle Morelos
Canada,Alberta,Edmonton (East Southeast Industrial / South Clover Bar),T6P,484 First Avenue
Canada,Ontario,Newmarket Northeast,L3Y,950 Lake Street
Mexico,Guanajuato,Comonfort,38207,993 Calle Allende
Canada,Saskatchewan,Saskatoon North Central,S7K,516 Park Avenue
Mexico,San Luis Potosí,Ciudad del Maíz,79323,360 Avenida Juarez
Canada,Quebec,Reserved (Santa Claus),H0H,722 River Road
Canada,New Brunswick,Cocagne,E4R,570 Park Avenue
Mexico,Chihuahua,Balleza,33566,949 Avenida Reforma
Canada,Saskatchewan,Regina Northwest,S4X,1 Maple Street
Mexico,Chiapas,Cintalapa,30416,290 Avenida Central
Canada,Ontario,Cobourg,K9A,291 Queen Street
Canada,Quebec,Vaudreuil-Dorion RCM,J7T,355 River Road
Canada,New Brunswick,Youngs Cove,E4C,146 Oak Street
Canada,New Brunswick,Saint John West,E2M,985 Main Street
Mexico,Sonora,Bácum,85275,85 Avenida Universidad
Mexico,Michoacán de Ocampo,Jacona,59834,875 Calle Zaragoza
Canada,Ontario,Pembroke Central and northern subdivisions,K8A,479 Maple Street
Canada,New Brunswick,Moncton West,E1E,942 Main Street
Canada,Ontario,Scarborough (Upper Rouge),M1X,226 Queen Street
Mexico,Sonora,Magdalena,84173,934 Avenida Reforma
Mexico,Nayarit,Tepic,63175,314 Calle Allende
Mexico,Guanajuato,Manuel Doblado,36474,797 Calle Morelos
Mexico,San Luis Potosí,Mexquitic de Carmona,78476,777 Avenida Juarez
Canada,Ontario,Woodstock North,N4T,778 Main Street
Canada,Ontario,Guelph South,N1C,644 Cedar Road
Mexico,Guanajuato,San Miguel de Allende,37897,777 Avenida Juarez
Canada,New Brunswick,St. Andrews,E5B,516 Cedar Road
Canada,Ontario,Thunder Bay North Central,P7B,378 Main Street
Mexico,Veracruz de Ignacio de la Llave,Atzalan,93685,914 Avenida Universidad
Mexico,Guanajuato,Salamanca,36875,207 Avenida Juarez
Mexico,Hidalgo,Huasca de Ocampo,43505,621 Avenida Central
Mexico,Distrito Federal,Miguel Hidalgo,11460,260 Avenida Central
Canada,Ontario,Woodstock Central,N4S,674 Maple Street
Canada,Quebec,Quebec City Inner North,G2J,8 Lake Street
Canada,Quebec,Val-des-Monts,J8N,570 Queen Street
Mexico,Tamaulipas,Matamoros,87344,825 Calle Morelos
Mexico,Oaxaca,San Juan Cacahuatepec,71613,572 Calle Morelos
Canada,Quebec,Lac-Beauport,G3B,630 River Road
Canada,Ontario,Ontario Centre (Queensville),L0G,120 King Street
Canada,Ontario,Mississauga (West Rathwood / East Hurontario / SE Gateway),L4Z,591 Main Street
Canada,British Columbia,Cariboo and West Okanagan (100 Mile House),V0K,163 Main Street
Mexico,Campeche,Campeche,24090,997 Avenida Juarez
Mexico,Guanajuato,Salamanca,36748,448 Avenida Universidad
Mexico,Zacatecas,Jerez,99380,281 Calle Hidalgo
Canada,Quebec,Sept-Îles Northwest,G4S,47 Maple Street
Mexico,Chiapas,Cacahoatán,30893,836 Calle Morelos
Mexico,Aguascalientes,Aguascalientes,20126,52 Calle Zaragoza
Mexico,Sonora,Cajeme,85203,342 Calle Hidalgo
Canada,Quebec,Saint-Vincent-de-Paul,H7C,196 Lake Street
Mexico,Guerrero,Acapulco de Juárez,39890,729 Calle Morelos
Canada,British Columbia,Prince George West Central,V2M,178 Cedar Road
Mexico,Hidalgo,Francisco I. Madero,42672,254 Calle Morelos
Canada,Ontario,Windsor South (East Malden),N9E,598 Maple Street
Canada,New Brunswick,Saint-Isidore,E8M,879 Oak Street
Mexico,Michoacán de Ocampo,Jacona,59835,900 Avenida Juarez
Canada,Quebec,Loretteville North,G2A,355 King Street
Canada,British Columbia,Prince George South,V2N,571 Maple Street
Canada,Ontario,North Bay South,P1A,783 Cedar Road
Mexico,Oaxaca,San Bernardo Mixtepec,71213,288 Avenida Reforma
Canada,New Brunswick,Dalhousie,E8C,10 Park Avenue
Mexico,Sinaloa,Salvador Alvarado,81470,134 Calle Hidalgo
Mexico,Coahuila de Zaragoza,Torreón,27299,837 Calle Morelos
Mexico,Durango,Tepehuanes,35645,788 Avenida Insurgentes
Mexico,San Luis Potosí,Charcas,78585,498 Avenida Insurgentes
Mexico,Sinaloa,Culiacán,80110,962 Calle Zaragoza
Mexico,Sonora,Cajeme,85203,75 Avenida Central
Canada,Ontario,Mississauga (YYZ),L5P,530 Maple Street
Canada,Manitoba,Winnipeg (Chinatown / Civic Centre / Exchange District),R3B,756 Maple Street
Mexico,México,Ozumba,56815,820 Calle Allende
Mexico,San Luis Potosí,San Antonio,79830,795 Avenida Insurgentes
Mexico,Hidalgo,Chapulhuacán,42284,617 Avenida Insurgentes
Canada,Ontario,Burlington West,L7P,94 First Avenue
Canada,Ontario,Downtown Toronto (St. James Park),M5C,209 Lake Street
Mexico,Chiapas,Acapetahua,30583,227 Avenida Universidad
Mexico,Chihuahua,Saucillo,33637,253 Calle Zaragoza
Canada,Nova Scotia,Dartmouth East Central,B2W,960 Maple Street
Mexico,Durango,Topia,34564,468 Avenida Reforma
Mexico,San Luis Potosí,Axtla de Terrazas,79938,445 Calle Zaragoza
Mexico,Sinaloa,Mazatlán,82124,650 Avenida Juarez
Canada,New Brunswick,Baker Brook,E7A,445 Oak Street
Canada,Ontario,Oshawa Southeast,L1H,842 Cedar Road
Mexico,Colima,Colima,28017,853 Avenida Insurgentes
Canada,British Columbia,Vancouver (SE Kensington / Victoria-Fraserview),V5P,125 Queen Street
Mexico,Tlaxcala,Santa Cruz Tlaxcala,90640,139 Avenida Reforma
Canada,Newfoundland and Labrador,Portugal Cove-St. Philips,A1M,890 Queen Street
Mexico,Oaxaca,Santiago Amoltepec,71388,783 Calle Allende
Mexico,Guanajuato,Valle de Santiago,38425,242 Avenida Insurgentes
Canada,Quebec,Jonquière West,G8A,916 Lake Street
Canada,British Columbia,Delta East,V4E,803 Queen Street
Canada,Ontario,Stormont,K0C,456 Lake Street
Mexico,San Luis Potosí,San Luis Potosí,78414,175 Calle Morelos
Canada,Quebec,Côte-Nord/Anticosti (Schefferville),G0G,345 Maple Street
Canada,Ontario,Sioux Lookout,P8T,812 Oak Street
Mexico,Chihuahua,Guachochi,33194,475 Avenida Reforma
Canada,Quebec,Mount Royal North,H3P,500 Queen Street
Mexico,Chiapas,Salto de Agua,29907,166 Calle Hidalgo
Mexico,Veracruz de Ignacio de la Llave,Poza Rica de Hidalgo,93230,646 Avenida Insurgentes
Mexico,Guanajuato,Comonfort,38223,609 Avenida Universidad
Canada,British Columbia,Abbotsford East,V3G,889 King Street
Mexico,México,Ecatepec de Morelos,55140,726 Calle Hidalgo
Canada,Quebec,Pointe-Aux-Trembles,H1A,238 River Road
Canada,Quebec,Sainte-Thérèse-de-Blainville North,J7B,663 First Avenue
Mexico,Durango,Tamazula,34570,414 Avenida Insurgentes
Canada,Nunavut Territory,Inner Nunavut (Rankin Inlet),X0C,403 Maple Street
Mexico,Baja California,Tecate,21472,14 Calle Morelos
Mexico,Jalisco,Tlajomulco de Zúñiga,45654,727 Calle Zaragoza
Mexico,Sonora,Cajeme,85218,186 Calle Morelos
Mexico,Veracruz de Ignacio de la Llave,Playa Vicente,95628,353 Calle Hidalgo
Mexico,Tamaulipas,Victoria,87130,299 Calle Zaragoza
Mexico,Veracruz de Ignacio de la Llave,Pánuco,92001,493 Calle Zaragoza
Canada,Ontario,West Toronto (Dufferin / Dovercourt Village),M6H,512 Park Avenue
Canada,Quebec,Mont-Laurier,J9L,254 River Road
Canada,Manitoba,Western Manitoba (Swan River),R0L,350 Main Street
Mexico,Jalisco,Lagos de Moreno,47514,551 Calle Zaragoza
Mexico,México,Ecatepec de Morelos,55419,334 Avenida Reforma
Mexico,Sinaloa,Choix,81776,675 Avenida Insurgentes
Canada,Ontario,Sturgeon Falls,P2B,592 Main Street
Mexico,Michoacán de Ocampo,Churintzio,59445,167 Calle Zaragoza
Mexico,Michoacán de Ocampo,Apatzingán,60628,813 Avenida Reforma
Mexico,México,Toluca,50257,627 Calle Morelos
Canada,Quebec,Alma Southeast,G8B,887 King Street
Mexico,Hidalgo,Metztitlán,43362,46 Avenida Universidad
Mexico,Nuevo León,General Terán,67406,16 Avenida Central
Mexico,Michoacán de Ocampo,Morelia,58095,694 Calle Independencia
Canada,New Brunswick,Cocagne,E4R,576 Queen Street
Mexico,Yucatán,Mérida,97219,318 Calle Morelos
Mexico,Nuevo León,Salinas Victoria,65513,230 Calle Allende
Canada,Ontario,Smiths Falls,K7A,251 Lake Street
Mexico,Coahuila de Zaragoza,Monclova,25734,388 Calle Hidalgo
Mexico,Yucatán,Mérida,97314,606 Avenida Reforma
Canada,British Columbia,Vernon West,V1H,314 Oak Street
Mexico,Guanajuato,Valle de Santiago,38414,789 Avenida Central
Mexico,Chiapas,La Grandeza,30967,848 Calle Allende
Mexico,Chiapas,Tuxtla Gutiérrez,29019,388 Calle Zaragoza
Mexico,Michoacán de Ocampo,Tancítaro,60485,129 Calle Hidalgo
Canada,Alberta,Calgary (Kensington / Westmont / Parkdale / University),T2N,777 Cedar Road
Mexico,Baja California,Tijuana,22205,977 Avenida Insurgentes
Canada,British Columbia,Kitimat,V8C,172 Cedar Road
Mexico,San Luis Potosí,Ebano,79130,320 Calle Zaragoza
Mexico,Durango,San Dimas,34680,263 Avenida Central
Mexico,Chihuahua,Ocampo,33333,540 Calle Zaragoza
Mexico,Morelos,Ocuituco,62864,532 Calle Zaragoza
Mexico,Oaxaca,Pluma Hidalgo,70965,571 Calle Hidalgo
Canada,New Brunswick,Saint-Antoine,E4V,809 Lake Street
Mexico,Hidalgo,Tepeji del Río de Ocampo,42854,596 Avenida Central
Canada,Ontario,Brampton North,L6P,335 First Avenue
Canada,Saskatchewan,Saskatoon North Central,S7K,611 Maple Street
Canada,Quebec,Cartierville Southwest,H4K,695 Oak Street
Mexico,Oaxaca,San Juan Bautista Tuxtepec,68314,46 Avenida Reforma
Canada,Ontario,Scarborough (Malvern / Rouge River),M1B,180 Park Avenue
Mexico,Sonora,Agua Prieta,84303,284 Calle Independencia
Canada,Manitoba,Winnipeg (Fort Garry NW / Tuxedo),R3P,845 Cedar Road
Canada,New Brunswick,Lamèque,E8T,111 Lake Street
Canada,Alberta,Calgary (Hawkwood / Arbour Lake / Royal Oak / Rocky Ridge),T3G,852 Queen Street
Mexico,Baja California Sur,La Paz,23364,187 Calle Independencia
Mexico,Chihuahua,Delicias,33106,687 Calle Independencia
Mexico,Puebla,Acatzingo,75150,994 Avenida Reforma
Mexico,Guanajuato,León,37287,642 Avenida Insurgentes
Mexico,San Luis Potosí,San Luis Potosí,78230,85 Calle Zaragoza
Canada,Quebec,Saint-Hyacinthe East,J2T,585 Lake Street
Canada,Quebec,Aylmer South,J9H,872 Lake Street
Mexico,Hidalgo,El Arenal,42695,466 Calle Hidalgo
Canada,Ontario,East York (Thorncliffe Park),M4H,423 River Road
Canada,New Brunswick,Hampton,E5N,550 Cedar Road
Canada,New Brunswick,Saint-Isidore,E8M,944 Lake Street
Mexico,Chiapas,Tapachula,30763,726 Calle Hidalgo
Canada,Nova Scotia,Porters Lake,B3E,825 Lake Street
Canada,Newfoundland and Labrador,Carbonear,A1Y,738 River Road
Canada,Alberta,Airdrie West,T4B,268 Maple Street
Canada,Ontario,London (Fanshawe / Stoneybrook / Stoney Creek / Uplands / East Masonville),N5X,22 King Street
Mexico,Puebla,Puebla,72080,412 Calle Zaragoza
Canada,Quebec,Petite-Patrie Southwest,H2S,129 Maple Street
Mexico,Durango,Coneto de Comonfort,34475,725 Avenida Juarez
Canada,Quebec,Trois-Rivières West,G9C,47 Cedar Road
Mexico,Michoacán de Ocampo,Aquila,60887,489 Avenida Juarez
Mexico,Yucatán,Kanasín,97370,262 Calle Zaragoza
Mexico,San Luis Potosí,Rioverde,79617,397 Calle Allende
Canada,Quebec,Côte-Saint-Luc West,H4W,273 Cedar Road
Canada,Ontario,Etobicoke (Eringate / Bloordale Gardens / Old Burnhamthorpe / Markland Woods),M9C,719 Cedar Road
Mexico,Sonora,Magdalena,84176,643 Calle Morelos
Canada,Nova Scotia,Waverley,B2R,263 King Street
Canada,New Brunswick,Boiestown,E6A,687 Park Avenue
Canada,British Columbia,Ladysmith,V9G,804 Cedar Road
Canada,British Columbia,Burnaby (Maywood / Marlborough / Oakalla / Windsor),V5H,825 Park Avenue
Canada,Manitoba,Winnipeg (St. Boniface South / St. Vital SE),R3X,128 Lake Street
Mexico,Zacatecas,Guadalupe,98619,783 Avenida Central
Canada,New Brunswick,Quispamsis,E2G,379 King Street
Canada,Alberta,Beaumont,T4X,130 Main Street
Mexico,Michoacán de Ocampo,Pátzcuaro,61605,296 Calle Morelos
Canada,Ontario,Belleville East,K8N,897 River Road
Canada,British Columbia,Parksville,V9P,56 Queen Street
Canada,Quebec,Région de Mistassini (Chambord),G0W,53 River Road
Canada,Ontario,Fort Erie,L2A,495 Maple Street
Canada,Quebec,Sainte-Thérèse-de-Blainville North,J7B,572 Cedar Road
Mexico,Sonora,Navojoa,85880,664 Avenida Universidad
Canada,Quebec,Quebec City South Central,G1N,782 Main Street
Canada,Ontario,Richmond Hill Southeast,L4B,255 Main Street
Canada,British Columbia,Nanaimo Northwest,V9V,190 River Road
Canada,Ontario,Woodbridge North,L4H,871 Lake Street
Canada,Quebec,Gaspé,G4X,910 Maple Street
Mexico,Nuevo León,Santa Catarina,66188,27 Avenida Reforma
Canada,Alberta,Calgary (Lynnwood Ridge / Ogden / Foothills Industrial / Great Plains),T2C,378 Maple Street
Mexico,México,Jiquipilco,50813,125 Calle Independencia
Mexico,Veracruz de Ignacio de la Llave,Nogales,94720,727 Avenida Reforma
Mexico,Querétaro,San Juan del Río,76849,963 Avenida Insurgentes
Canada,Ontario,Oshawa Southeast,L1H,178 Cedar Road
Mexico,Puebla,Hueytlalpan,73435,997 Calle Zaragoza
Mexico,Chiapas,Pichucalco,29537,432 Calle Independencia
Mexico,San Luis Potosí,Soledad de Graciano Sánchez,78439,483 Avenida Universidad
Canada,Saskatchewan,Northwestern Saskatchewan (Battleford),S0M,752 Maple Street
Canada,British Columbia,Richmond Northeast,V6V,731 Cedar Road
Mexico,Veracruz de Ignacio de la Llave,Las Choapas,96995,747 Calle Independencia
Mexico,Guerrero,Coyuca de Catalán,40703,489 Calle Hidalgo
Mexico,Tamaulipas,Matamoros,87316,673 Avenida Central
Canada,Ontario,Downtown Toronto (Kensington Market / Chinatown / Grange Park),M5T,747 Park Avenue
Mexico,Sinaloa,Mazatlán,82200,194 Avenida Insurgentes
Canada,British Columbia,Sooke,V9Z,712 Main Street
Canada,Ontario,Milton,L9T,340 Oak Street
Canada,Alberta,Lethbridge Southeast,T1K,592 King Street
Canada,Ontario,Kingston (Westbrook / Cataraqui Woods / Cedarwood),K7P,834 River Road
Mexico,San Luis Potosí,Coxcatlán,79864,907 Calle Hidalgo
Canada,Newfoundland and Labrador,Southwestern Newfoundland (Channel-Port aux Basques),A0M,593 Lake Street
Canada,British Columbia,Vernon East,V1B,145 Maple Street
Canada,British Columbia,Surrey Outer Northwest,V3V,343 River Road
Mexico,Jalisco,Zapopan,45180,136 Avenida Juarez
Mexico,Oaxaca,San Pedro Mixtepec -Dto. 22 -,71985,928 Avenida Reforma
Canada,New Brunswick,Bath,E7J,859 Queen Street
Mexico,Oaxaca,Heroica Ciudad de Huajuapan de León,69007,701 Avenida Insurgentes
Mexico,Sonora,Fronteras,84327,471 Calle Morelos
Mexico,Veracruz de Ignacio de la Llave,Juan Rodríguez Clara,95695,802 Avenida Juarez
Canada,Manitoba,Winnipeg (Centennial),R3A,223 Cedar Road
Canada,Quebec,Loretteville North,G2A,840 Queen Street
Mexico,Puebla,Puebla,72596,622 Avenida Reforma
Mexico,México,Villa de Allende,51019,615 Avenida Universidad
Canada,Saskatchewan,Regina Southeast,S4V,91 Oak Street
Canada,New Brunswick,Kingsclear,E3E,984 Park Avenue
Mexico,Guerrero,Olinalá,41014,203 Avenida Reforma
Canada,Saskatchewan,Saskatoon South Central,S7J,879 Oak Street
Canada,Quebec,Victoriaville Central,G6P,825 River Road
Canada,British Columbia,Burnaby (Cascade-Schou / Douglas-Gilpin),V5G,547 Oak Street
Canada,Nova Scotia,Eastern Passage,B3G,453 Maple Street
Mexico,Puebla,Quecholac,75470,563 Avenida Universidad
Canada,Ontario,Ottawa (The Glebe / Ottawa South / Ottawa East),K1S,301 First Avenue
Canada,Ontario,Rideau Lakes area (Kemptville),K0G,625 Queen Street
Mexico,Chihuahua,Guadalupe y Calvo,33496,712 Calle Morelos
Mexico,Michoacán de Ocampo,Aguililla,60574,147 Calle Hidalgo
Mexico,Guanajuato,Tarandacuao,38798,924 Avenida Insurgentes
Mexico,México,Chiautla,56037,718 Calle Zaragoza
Mexico,Chiapas,Tuxtla Gutiérrez,29010,641 Calle Independencia
Mexico,Nayarit,Rosamorada,63644,607 Avenida Reforma
Mexico,Guanajuato,Romita,36215,929 Calle Allende
Canada,Manitoba,South Central Manitoba (Altona),R0G,476 First Avenue
Mexico,Oaxaca,San Pedro Teutila,68620,643 Avenida Universidad
Mexico,Michoacán de Ocampo,Hidalgo,61235,337 Avenida Insurgentes
Canada,Quebec,Beloeil East,J3H,543 Queen Street
Canada,New Brunswick,Grand Falls Central,E3Z,634 Queen Street
Mexico,Jalisco,Guadalajara,44240,850 Avenida Insurgentes
Canada,Ontario,Windsor (East Riverside),N8P,941 Main Street
Canada,Ontario,Scarborough (Steeles West / L'Amoreaux West),M1W,464 King Street
Canada,Quebec,Laurentides-Sud (Chénéville),J0V,541 King Street
Canada,Quebec,Sainte-Foy Southeast,G1W,5 Cedar Road
Canada,Ontario,Midland,L4R,571 Lake Street
Mexico,Guerrero,Copanatoyac,41470,50 Calle Hidalgo
Mexico,Tlaxcala,Calpulalpan,90220,592 Calle Independencia
Mexico,Guanajuato,Comonfort,38217,8 Calle Independencia
Mexico,Guerrero,Cocula,40590,188 Avenida Central
Canada,British Columbia,Vancouver (West Kitsilano / Jericho),V6R,919 Maple Street
Canada,Ontario,Amherstburg,N9V,357 Lake Street
Mexico,Tamaulipas,Victoria,87134,980 Calle Morelos
Mexico,Nayarit,Tepic,63197,990 Avenida Reforma
Canada,Alberta,Edmonton (North Westmount / West Calder / East Mistatim),T5L,423 River Road
Mexico,Chihuahua,Jiménez,33984,955 Avenida Juarez
Canada,Ontario,Kanata (Marchwood),K2T,576 Park Avenue
Mexico,Oaxaca,Santiago Amoltepec,71386,380 Avenida Reforma
Mexico,San Luis Potosí,Rioverde,79646,233 Calle Hidalgo
Canada,Ontario,Scarborough (Guildwood / Morningside / Ellesmere),M1E,337 River Road
Canada,Saskatchewan,Regina East,S4L,272 Oak Street
Mexico,Yucatán,Tizimín,97706,977 Avenida Insurgentes
Mexico,Puebla,San Pedro Cholula,72766,392 Calle Hidalgo
Mexico,Jalisco,Lagos de Moreno,47520,584 Calle Independencia
Canada,Alberta,Calgary (Cranston),T3M,935 First Avenue
Mexico,Veracruz de Ignacio de la Llave,Veracruz,91726,850 Avenida Reforma
Mexico,Baja California Sur,La Paz,23040,597 Calle Independencia
Mexico,Tabasco,Cunduacán,86696,733 Avenida Reforma
Canada,Alberta,Cochrane,T4C,700 King Street
Canada,Alberta,Southeastern Alberta (Drumheller),T0J,987 Main Street
Mexico,México,San Felipe del Progreso,50686,133 Avenida Reforma
Mexico,Chiapas,Bella Vista,30136,254 Avenida Reforma
Canada,Manitoba,Winnipeg (Wilkes South),R3S,346 Maple Street
Mexico,Nayarit,Tepic,63196,693 Avenida Central
Canada,Quebec,Sainte-Foy Southeast,G1W,484 King Street
Canada,British Columbia,Similkameen (Hope),V0X,760 First Avenue
Canada,Ontario,Hamilton (Barnstown / West Chappel / Allison / Ryckmans / Mewburn / Sheldon / Falkirk / Carpenter / Kennedy / Southwest Outskirts),L9B,737 Oak Street
Mexico,México,Chalco,56641,67 Avenida Juarez
Canada,Manitoba,Winnipeg (St. Boniface NE),R2J,998 River Road
Canada,Ontario,Port Stanley,N5L,98 Cedar Road
Canada,Quebec,Tour de la Bourse,H4Z,988 Queen Street
Canada,Quebec,Longueuil North,J4G,772 Lake Street
Canada,New Brunswick,Lakeville,E1H,236 First Avenue
Mexico,Chiapas,Mapastepec,30566,533 Calle Independencia
Mexico,Chihuahua,Cuauhtémoc,31515,583 Avenida Juarez
Mexico,Chihuahua,López,33945,833 Calle Morelos
Canada,Quebec,Bas-St-Laurent-Est (Sainte-Luce),G0K,16 Queen Street
Canada,Alberta,Edmonton (North Jasper Place),T5P,650 King Street
Canada,Ontario,Kitchener Northeast,N2B,772 Cedar Road
Mexico,Michoacán de Ocampo,Tzitzio,61365,636 Avenida Juarez
Mexico,Sonora,Cajeme,85200,14 Avenida Insurgentes
Canada,British Columbia,Vancouver (Bentall Centre),V7X,948 Queen Street
Canada,Ontario,Timiskaming South (Temiskaming Shores),P0J,292 Cedar Road
Mexico,Michoacán de Ocampo,Tacámbaro,61650,728 Avenida Juarez
Mexico,Guanajuato,Apaseo el Alto,38510,135 Avenida Reforma
Mexico,Oaxaca,Santiago Ixtayutla,71736,683 Avenida Universidad
Canada,British Columbia,Vernon Central,V1T,188 Main Street
Canada,Quebec,Asbestos,J1T,609 Cedar Road
Canada,Ontario,North York (York Mills / Silver Hills),M2L,671 Park Avenue
Mexico,San Luis Potosí,Rioverde,79644,549 Calle Zaragoza
Mexico,Michoacán de Ocampo,Uruapan,60094,563 Avenida Central
Canada,Nova Scotia,Reserve Mines,B1E,556 King Street
Mexico,Oaxaca,Reyes Etla,68238,499 Avenida Reforma
Canada,Ontario,Caledon Village,L7K,16 Lake Street
Mexico,Chihuahua,Ocampo,33326,302 Avenida Insurgentes
Canada,Manitoba,Winnipeg (Broadway / The Forks / Portage and Main) Manitoba Provincial Government,R3C,511 King Street
Canada,Manitoba,Brandon Southeast,R7A,101 Main Street
Canada,Ontario,West Toronto (Dufferin / Dovercourt Village),M6H,13 Maple Street
Mexico,Veracruz de Ignacio de la Llave,Jáltipan,96290,819 Avenida Universidad
Canada,British Columbia,Prince George North,V2K,312 Oak Street
Mexico,Veracruz de Ignacio de la Llave,Xico,91240,590 Calle Independencia
Canada,Nova Scotia,Christmas Island,B1T,998 Queen Street
Canada,British Columbia,Vancouver (SW Downtown),V6Z,498 Oak Street
Canada,Quebec,Rock Forest,J1N,564 Park Avenue
Canada,Ontario,Pickering North,L1Y,921 Lake Street
Canada,Quebec,Quebec City North Central,G1M,393 River Road
Mexico,Guanajuato,Silao de la Victoria,36274,284 Avenida Reforma
Canada,Quebec,Anjou East,H1K,107 Main Street
Canada,Saskatchewan,Saskatoon South Central,S7J,686 Maple Street
Mexico,Veracruz de Ignacio de la Llave,Uxpanapa,96997,3 Avenida Insurgentes
Canada,New Brunswick,Fredericton South New Brunswick Provincial Government,E3B,568 Cedar Road
Canada,Quebec,Quebec Provincial Government,G1A,984 River Road
Mexico,Durango,Guanaceví,35444,677 Calle Allende
Canada,Quebec,Terrebonne Southwest,J6Y,8 Lake Street
Mexico,San Luis Potosí,San Luis Potosí,78008,760 Avenida Universidad
Mexico,Guanajuato,Salamanca,36880,757 Calle Hidalgo
Mexico,Michoacán de Ocampo,Tiquicheo de Nicolás Romero,61376,789 Calle Hidalgo
Mexico,Hidalgo,Tolcayuca,43864,513 Calle Independencia
Canada,Quebec,Plateau Mont-Royal North Central,H2J,867 River Road
Canada,Ontario,Kirkland Lake,P2N,861 Maple Street
Mexico,San Luis Potosí,Cerritos,79447,582 Avenida Insurgentes
Mexico,Coahuila de Zaragoza,Morelos,26507,372 Avenida Insurgentes
Canada,Nova Scotia,Hants County (Shubenacadie),B0N,714 Cedar Road
Canada,Quebec,Bromptonville,J1C,687 Oak Street
Mexico,Nuevo León,Monterrey,64810,504 Avenida Juarez
Mexico,Sinaloa,Navolato,80322,322 Calle Zaragoza
Mexico,Guanajuato,Romita,36214,227 Avenida Universidad
Canada,Ontario,Cornwall East,K6H,283 Lake Street
Canada,Quebec,Saint-Eustache Southwest,J7R,517 Lake Street
Canada,Quebec,Rivière-Des-Prairies Southwest,H1E,74 Oak Street
Canada,Nova Scotia,Halifax Central,B3L,599 Maple Street
Canada,Ontario,North York (York Mills / Silver Hills),M2L,430 Lake Street
Canada,Ontario,Mississauga (West Hurontario / SW Gateway),L5R,154 Main Street
Mexico,Chiapas,Sabanilla,29815,480 Calle Morelos
Mexico,Guanajuato,Dolores Hidalgo Cuna de la Independencia Nacional,37804,14 Calle Zaragoza
Mexico,Durango,Mezquital,34973,129 Avenida Universidad
Mexico,Puebla,Acatlán,74949,389 Calle Allende
Canada,Alberta,Edmonton (East Castledowns),T5X,844 Park Avenue
Mexico,Sonora,Hermosillo,83303,469 Avenida Insurgentes
Mexico,Zacatecas,Pinos,98933,152 Avenida Insurgentes
Mexico,Zacatecas,Pinos,98920,397 Calle Hidalgo
Mexico,Guanajuato,Valle de Santiago,38404,501 Calle Independencia
Mexico,Guanajuato,Abasolo,36987,172 Calle Morelos
Canada,British Columbia,Parksville,V9P,775 Lake Street
Canada,New Brunswick,Baie-Sainte-Anne,E9A,105 River Road
Canada,Quebec,Centre-Sud South,H2L,273 Queen Street
Mexico,Sonora,Bavispe,84365,171 Calle Allende
Mexico,Sonora,Cajeme,85213,872 Calle Independencia
Canada,Quebec,Beaconsfield,H9W,509 Maple Street
Canada,Nova Scotia,Sydney North Central,B1P,318 River Road
Mexico,Puebla,Hermenegildo Galeana,73390,417 Avenida Reforma
Canada,Quebec,Abitibi-Témiscamingue-Est (Radisson),J0Y,184 River Road
Mexico,Nayarit,Ruíz,63614,326 Calle Independencia
Mexico,Guanajuato,Abasolo,36985,836 Calle Morelos
Mexico,México,Temoaya,50895,103 Calle Allende
Mexico,Guerrero,Ahuacuotzingo,41134,445 Calle Morelos
Mexico,Jalisco,Puerto Vallarta,48316,67 Avenida Insurgentes
Canada,Alberta,Edmonton Southwest,T6M,436 King Street
Mexico,Guerrero,Acapulco de Juárez,39590,257 Avenida Reforma
Mexico,Puebla,Atlixco,74215,859 Avenida Central
Canada,Quebec,Rivière-Des-Prairies Southwest,H1E,159 Main Street
Mexico,Zacatecas,Guadalupe,98612,33 Calle Allende
Mexico,México,Lerma,52005,560 Avenida Insurgentes
Canada,Ontario,East Durham Regional Municipality (Orono),L0B,27 Lake Street
Canada,Alberta,Sherwood Park East,T8G,52 Main Street
Mexico,México,Almoloya de Juárez,50920,139 Calle Zaragoza
Canada,Nova Scotia,Truro,B2N,375 King Street
Mexico,Tabasco,Comalcalco,86389,86 Avenida Universidad
Canada,Manitoba,South Central Manitoba (Altona),R0G,626 Park Avenue
Canada,Ontario,Milton,L9T,860 Lake Street
Mexico,Tamaulipas,Tampico,89090,707 Calle Allende
Canada,Ontario,Hamilton (Barnstown / West Chappel / Allison / Ryckmans / Mewburn / Sheldon / Falkirk / Carpenter / Kennedy / Southwest Outskirts),L9B,689 River Road
Canada,Ontario,West Northumberland County (Millbrook),L0A,740 Cedar Road
Canada,New Brunswick,Saint John North,E2K,939 Oak Street
Canada,British Columbia,Kamloops North,V2H,260 Maple Street
Mexico,Michoacán de Ocampo,Tancítaro,60467,308 Avenida Universidad
Mexico,México,Apaxco,55663,40 Calle Morelos
Mexico,Chiapas,Tuxtla Gutiérrez,29019,448 Calle Independencia
Canada,Manitoba,Winnipeg (River East North),R2G,20 Main Street
Mexico,Morelos,Ayala,62720,196 Avenida Universidad
Canada,Newfoundland and Labrador,St. John's Northwest Newfoundland & Labrador Provincial Government,A1B,273 Cedar Road
Canada,Ontario,Essex,N8M,64 Lake Street
Mexico,México,Acambay de Ruíz Castañeda,50315,540 Avenida Central
Canada,New Brunswick,Hartland,E7P,282 Maple Street
Mexico,Michoacán de Ocampo,Tancítaro,60477,462 Avenida Reforma
Mexico,Hidalgo,Almoloya,43945,577 Calle Zaragoza
Canada,Alberta,Edmonton (West Northwest Industrial / Winterburn),T5S,122 Queen Street
Canada,British Columbia,Vancouver (SE Kerrisdale / SW Oakridge / West Marpole),V6P,623 First Avenue
Canada,Ontario,Simcoe,N3Y,269 Main Street
Canada,Ontario,Kincardine,N2Z,165 King Street
Canada,Quebec,Saint-Colomban,J5K,611 King Street
Mexico,Sonora,Fronteras,84328,25 Avenida Central
Canada,Ontario,North York (York Mills / Silver Hills),M2L,50 Lake Street
Mexico,Sonora,Cajeme,85208,510 Calle Allende
Canada,Quebec,Boucherville,J4B,632 Oak Street
Canada,Quebec,Rouyn-Noranda North,J9Y,445 Maple Street
Mexico,Tamaulipas,Matamoros,87399,958 Calle Zaragoza
Mexico,Michoacán de Ocampo,Marcos Castellanos,59503,392 Avenida Juarez
Canada,Nova Scotia,Iona,B2C,654 First Avenue
Canada,Alberta,Medicine Hat Central,T1A,232 First Avenue
Mexico,México,Tenango del Valle,52336,838 Calle Hidalgo
Canada,Ontario,Scarborough (Birch Cliff / Cliffside West),M1N,666 First Avenue
Canada,Newfoundland and Labrador,Portugal Cove-St. Philips,A1M,413 Maple Street
Canada,Alberta,Edmonton (Central Jasper Place / Buena Vista),T5R,181 King Street
Mexico,Sinaloa,Sinaloa,81915,125 Calle Hidalgo
Canada,Quebec,Baie-Saint-Paul,G3Z,789 Main Street
Canada,Ontario,Kitchener East,N2A,540 Maple Street
Mexico,Zacatecas,Fresnillo,99170,947 Avenida Reforma
Mexico,Veracruz de Ignacio de la Llave,Hueyapan de Ocampo,95854,131 Avenida Reforma
Canada,British Columbia,Abbotsford Southwest,V2T,454 Queen Street
Mexico,Guerrero,Huitzuco de los Figueroa,40130,579 Avenida Reforma
Mexico,Campeche,Champotón,24400,248 Avenida Juarez
Mexico,Oaxaca,Santa María Zacatepec,71056,911 Calle Hidalgo
Mexico,Oaxaca,San Pedro Mixtepec -Dto. 22 -,71984,977 Calle Allende
Mexico,Veracruz de Ignacio de la Llave,Soledad Atzompa,94774,239 Calle Independencia
Mexico,Guanajuato,Salamanca,36886,384 Calle Hidalgo
Canada,Newfoundland and Labrador,Torbay,A1K,801 River Road
Mexico,Puebla,Ajalpan,75910,697 Calle Zaragoza
Canada,British Columbia,Vancouver (East Fairview / South Cambie),V5Z,812 Park Avenue
Canada,Manitoba,Northern Manitoba (Norway House),R0B,362 King Street
Canada,Ontario,North York (Bedford Park / Lawrence Park West / Lawrence Manor East),M5M,206 Main Street
Canada,Ontario,Downtown Toronto (Central Bay Street),M5G,859 Maple Street
Mexico,Oaxaca,Ixtlán de Juárez,68725,878 Calle Allende
Canada,Ontario,Mississauga (West Port Credit / Lorne Park / East Sheridan),L5H,882 Cedar Road
Mexico,Sinaloa,El Fuerte,81820,962 Calle Zaragoza
Mexico,Hidalgo,Tulancingo de Bravo,43670,196 Avenida Universidad
Mexico,Oaxaca,San Juan Mixtepec -Dto. 08 -,69770,264 Avenida Insurgentes
Canada,Manitoba,St. Francois Xavier,R4L,537 Maple Street
Canada,Ontario,Queen's Park Ontario Provincial Government,M7A,601 Oak Street
Canada,Saskatchewan,Regina North Central,S4R,76 Lake Street
Mexico,Veracruz de Ignacio de la Llave,Papantla,93535,852 Avenida Universidad
Canada,Quebec,Terrebonne East,J6V,970 Oak Street
Canada,Alberta,Edmonton (East Southeast Industrial / South Clover Bar),T6P,762 River Road
Canada,Ontario,Gloucester (Blackburn Hamlet / Pine View),K1B,16 Queen Street
Canada,Ontario,East Toronto (The Danforth East),M4J,297 Oak Street
Mexico,Jalisco,Lagos de Moreno,47533,493 Avenida Insurgentes
Mexico,Tabasco,Centla,86752,48 Calle Zaragoza
Canada,Alberta,Devon,T9G,148 Queen Street
Mexico,Guerrero,Tlapa de Comonfort,41300,374 Calle Allende
Mexico,Morelos,Cuernavaca,62340,10 Calle Independencia
Mexico,Querétaro,Querétaro,76118,213 Calle Hidalgo
Canada,Ontario,St. Catharines Northwest,L2N,953 Queen Street
Canada,Quebec,Maisonneuve,H1V,639 River Road
Mexico,Hidalgo,La Misión,42267,886 Avenida Central
Canada,Manitoba,Winnipeg (Fort Garry NW / Tuxedo),R3P,89 Lake Street
Canada,Quebec,Saint-Lambert Central,J4R,131 Park Avenue
Canada,Quebec,Gatineau Northwest,J8V,207 Cedar Road
Mexico,Veracruz de Ignacio de la Llave,Manlio Fabio Altamirano,94254,145 Avenida Juarez
Canada,British Columbia,Vancouver (South Renfrew-Collingwood),V5R,328 River Road
Canada,New Brunswick,Baker Brook,E7A,625 Queen Street
Canada,Quebec,Outaouais-Sud (Thurso),J0X,690 Maple Street
Mexico,Veracruz de Ignacio de la Llave,Ixmatlahuacan,95437,255 Calle Hidalgo
Mexico,Nayarit,Del Nayar,63546,861 Avenida Insurgentes
Canada,Saskatchewan,Central Saskatchewan (Humboldt),S0K,499 River Road
Mexico,Nayarit,Santiago Ixcuintla,63554,419 Avenida Reforma
Canada,Saskatchewan,Regina North Central,S4R,954 River Road
Mexico,Hidalgo,Singuilucan,43785,481 Avenida Reforma
Mexico,Veracruz de Ignacio de la Llave,Paso de Ovejas,91670,455 Avenida Juarez
Mexico,Aguascalientes,Asientos,20720,364 Avenida Universidad
Mexico,Zacatecas,Guadalupe,98612,698 Avenida Juarez
Mexico,Puebla,Cuautinchán,75235,945 Avenida Central
Canada,Northwest Territory,Southwestern Northwest Territories (Fort Liard),X0G,838 King Street
Mexico,Chihuahua,Guachochi,33196,312 Avenida Central
Canada,Quebec,Saint-Colomban,J5K,613 King Street
Mexico,Jalisco,Tuxpan,49837,935 Avenida Central
Mexico,Colima,Manzanillo,28239,107 Calle Zaragoza
Mexico,Puebla,Tehuacán,75859,577 Avenida Central
Mexico,Michoacán de Ocampo,Penjamillo,59470,980 Calle Allende
Canada,British Columbia,Surrey North,V3R,413 River Road
Canada,Ontario,Collingwood,L9Y,885 First Avenue
Mexico,Guanajuato,León,37675,967 Avenida Juarez
Canada,Alberta,Calgary (Elbow Park / Britannia / Parkhill / Mission),T2S,732 King Street
Canada,Ontario,Oshawa Southeast,L1H,679 Park Avenue
Mexico,Veracruz de Ignacio de la Llave,Coatzintla,93164,982 Avenida Juarez
Mexico,Oaxaca,San Pedro Pochutla,70902,943 Calle Hidalgo
Mexico,Puebla,Puebla,72490,433 Avenida Central
Canada,Ontario,Windsor South (East Malden),N9E,588 King Street
Mexico,Michoacán de Ocampo,Tuzantla,61544,147 Avenida Reforma
Canada,Ontario,Central Toronto (Roselawn),M5N,62 First Avenue
Mexico,Sonora,Guaymas,85424,580 Calle Allende
Canada,Ontario,Woodbridge North,L4H,996 Maple Street
Mexico,Guerrero,Ahuacuotzingo,41136,986 Calle Allende
Mexico,Tamaulipas,Reynosa,88720,659 Avenida Universidad
Canada,Ontario,Mississauga (Churchill Meadows / Central Erin Mills / South Streetsville),L5M,212 River Road
Canada,British Columbia,Vancouver (North Grandview-Woodlands),V5L,512 Main Street
Canada,British Columbia,Burnaby (Lakeview-Mayfield / Richmond Park / Kingsway-Beresford),V5E,466 First Avenue
Mexico,San Luis Potosí,San Luis Potosí,78270,625 Avenida Universidad
Mexico,Querétaro,San Joaquín,76575,257 Avenida Juarez
Mexico,Chiapas,Zinacantán,29367,657 Calle Morelos
Canada,Ontario,Thunder Bay Central,P7C,215 Lake Street
Canada,Ontario,Etobicoke (Eringate / Bloordale Gardens / Old Burnhamthorpe / Markland Woods),M9C,565 Park Avenue
Mexico,Durango,Tamazula,34574,900 Calle Zaragoza
Canada,Ontario,Etobicoke (Old Mill South / King's Mill Park / Sunnylea / Humber Bay / Mimico NE / The Queensway East / Royal York South East / Kingsway Park South East),M8Y,106 River Road
Canada,British Columbia,Maple Ridge East,V2W,675 Lake Street
Mexico,Querétaro,Peñamiller,76495,584 Avenida Insurgentes
Canada,Ontario,Parry Sound North Shore (Nobel),P0G,796 Park Avenue
Canada,Quebec,Petite-Bourgogne,H3J,270 Queen Street
Mexico,Coahuila de Zaragoza,Saltillo,25069,862 Avenida Juarez
Mexico,Hidalgo,Nopala de Villagrán,42494,96 Calle Morelos
Canada,Saskatchewan,Southern Saskatchewan (Assiniboia),S0H,771 Park Avenue
Mexico,Sinaloa,Concordia,82610,452 Calle Zaragoza
Mexico,Sinaloa,Choix,81750,781 Calle Hidalgo
Canada,Quebec,Trois-Rivières East,G9A,1 Oak Street
Mexico,Zacatecas,Moyahua de Estrada,99990,983 Calle Morelos
Canada,New Brunswick,Salisbury,E4J,285 River Road
Mexico,Coahuila de Zaragoza,Acuña,26248,762 Avenida Universidad
Canada,Ontario,Markham East,L6B,19 King Street
Canada,Ontario,Guelph South,N1C,4 Park Avenue
Mexico,Sonora,Cajeme,85206,708 Avenida Insurgentes
Canada,Quebec,Senneville,H9K,402 Queen Street
Canada,British Columbia,Vancouver (SE Kensington / Victoria-Fraserview),V5P,53 King Street
Canada,Ontario,Kanata (Terry Fox / Palladium),K2V,427 Queen Street
Canada,Quebec,Laterrière,G7N,3 Oak Street
Mexico,Sonora,Alamos,85775,268 Calle Hidalgo
Canada,Ontario,Oakville North,L6H,26 Cedar Road
Canada,Quebec,Gatineau Southwest,J8T,449 First Avenue
Mexico,Nuevo León,General Escobedo,66050,122 Avenida Universidad
Canada,British Columbia,Nelson,V1L,809 Park Avenue
Mexico,Chiapas,Suchiate,30843,275 Avenida Central
Canada,Alberta,Eastern Alberta (St. Paul),T0A,790 First Avenue
Mexico,Durango,San Juan del Río,34495,510 Avenida Central
Canada,Alberta,Cochrane,T4C,889 First Avenue
Canada,New Brunswick,Saint-Jacques,E7B,789 Oak Street
Canada,New Brunswick,Cap-Pelé,E4N,448 Cedar Road
Mexico,Oaxaca,Heroica Ciudad de Huajuapan de León,69005,786 Calle Hidalgo
Canada,Alberta,Cochrane,T4C,175 River Road
Mexico,Durango,Cuencamé,35806,646 Calle Zaragoza
Canada,British Columbia,Abbotsford Southeast,V2S,518 Queen Street
Mexico,Yucatán,Tixcacalcupul,97763,483 Avenida Reforma
Mexico,Guerrero,Chilpancingo de los Bravo,39070,641 Avenida Insurgentes
Canada,New Brunswick,Red Bank,E9E,609 Main Street
Mexico,Sonora,San Luis Río Colorado,83457,245 Avenida Juarez
Canada,Ontario,Dundas,L9H,580 River Road
Mexico,Sonora,Fronteras,84325,438 Avenida Reforma
Mexico,Oaxaca,Villa Sola de Vega,71424,917 Avenida Universidad
Mexico,Veracruz de Ignacio de la Llave,Tempoal,92072,100 Calle Allende
Mexico,Durango,Santiago Papasquiaro,34600,670 Avenida Reforma
Mexico,Morelos,Temixco,62580,530 Avenida Insurgentes
Canada,Alberta,Canmore,T1W,269 First Avenue
Canada,Nova Scotia,Dartmouth North Central,B2X,956 First Avenue
Mexico,Veracruz de Ignacio de la Llave,San Andrés Tuxtla,95817,646 Avenida Reforma
Mexico,Guanajuato,Santa Cruz de Juventino Rosas,38256,21 Avenida Universidad
Mexico,Campeche,Calkiní,24921,50 Avenida Reforma
Canada,Ontario,Markham Outer Southwest,L3R,710 River Road
Canada,British Columbia,West Vancouver North,V7S,570 Lake Street
Mexico,Chiapas,Pijijiapan,30540,159 Avenida Universidad
Canada,Quebec,Mascouche Central,J7L,111 River Road
Canada,Ontario,Brampton West,L7A,390 Cedar Road
Canada,British Columbia,Kelowna East Central,V1X,729 River Road
Canada,British Columbia,Burnaby (Maywood / Marlborough / Oakalla / Windsor),V5H,623 Park Avenue
Mexico,Michoacán de Ocampo,Aguililla,60596,118 Avenida Insurgentes
Canada,Ontario,Downtown Toronto (Harbourfront East / Union Station / Toronto Island),M5J,843 Park Avenue
Canada,Saskatchewan,Buena Vista,S2V,977 Main Street
Mexico,Querétaro,Querétaro,76220,201 Avenida Juarez
Mexico,Sonora,Navojoa,85860,303 Avenida Reforma
Mexico,México,Naucalpan de Juárez,53650,148 Calle Morelos
Mexico,Sonora,Cajeme,85203,358 Calle Zaragoza
Canada,Nova Scotia,Isthmus of Chignecto (River Hébert),B0L,844 River Road
Mexico,Tamaulipas,Matamoros,87444,314 Calle Allende
Mexico,Veracruz de Ignacio de la Llave,Nogales,94723,670 Calle Allende
Canada,Quebec,Montreal West,H4X,219 Main Street
Mexico,Durango,Tamazula,34570,542 Avenida Juarez
Mexico,Michoacán de Ocampo,Uruapan,60206,397 Avenida Reforma
Mexico,Chihuahua,Saucillo,33633,301 Calle Allende
Mexico,Veracruz de Ignacio de la Llave,Jilotepec,91390,318 Avenida Universidad
Canada,Ontario,Uxbridge,L9P,851 Main Street
Mexico,Guerrero,Atlamajalcingo del Monte,41570,190 Avenida Juarez
Mexico,Hidalgo,Zacualtipán de Ángeles,43203,423 Avenida Juarez
Mexico,Veracruz de Ignacio de la Llave,Papantla,93426,661 Avenida Universidad
Canada,Ontario,Downtown Toronto (Commerce Court / Victoria Hotel),M5L,729 Park Avenue
Mexico,México,Tejupilco,51426,825 Avenida Insurgentes
Canada,Ontario,Newmarket Southwest,L3X,760 Queen Street
Mexico,Yucatán,Tzucacab,97965,187 Avenida Reforma
Mexico,Michoacán de Ocampo,Turicato,61682,587 Calle Allende
Mexico,Michoacán de Ocampo,Buenavista,60536,351 Avenida Universidad
Canada,British Columbia,Westbank,V4T,884 Park Avenue
Mexico,Zacatecas,Zacatecas,98064,72 Calle Allende
Canada,Alberta,Calgary (Oak Ridge / Haysboro / Kingsland / Windsor Park),T2V,130 King Street
Mexico,Sonora,Cajeme,85218,180 Avenida Juarez
Canada,Alberta,Edmonton (Riverbend),T6R,305 Lake Street
Mexico,Colima,Colima,28638,774 Calle Morelos
Mexico,Morelos,Temixco,62584,915 Avenida Reforma
Mexico,Querétaro,San Juan del Río,76820,30 Calle Allende
Canada,British Columbia,Terrace,V8G,247 First Avenue
Canada,Alberta,Edmonton (West Northwest Industrial / Winterburn),T5S,195 Cedar Road
Mexico,Sonora,Agua Prieta,84304,12 Avenida Juarez
Canada,Alberta,Kananaskis Country (Claresholm),T0L,580 Oak Street
Mexico,Veracruz de Ignacio de la Llave,Platón Sánchez,92148,196 Calle Independencia
Mexico,Tamaulipas,Matamoros,87385,125 Calle Zaragoza
Mexico,Chiapas,Berriozábal,29130,957 Calle Allende
Mexico,Jalisco,Cuautla,48150,824 Calle Hidalgo
Mexico,San Luis Potosí,Catorce,78560,511 Calle Zaragoza
Canada,Ontario,York (Runnymede / The Junction North),M6N,357 River Road
Canada,Ontario,Greater Sudbury (Robinson / Lockerby),P3E,545 Lake Street
Mexico,Sonora,Hermosillo,83300,24 Calle Zaragoza
Canada,British Columbia,Vancouver (SE Kensington / Victoria-Fraserview),V5P,891 Lake Street
Mexico,Guanajuato,Acámbaro,38754,178 Avenida Universidad
Canada,Alberta,Red Deer North,T4P,395 Queen Street
Mexico,Sinaloa,Culiacán,80430,605 Avenida Universidad
Mexico,México,Tejupilco,51413,37 Calle Morelos
Mexico,Chiapas,Acala,29377,695 Calle Zaragoza
Canada,Alberta,Edmonton (West University / Strathcona Place),T6G,283 Oak Street
Canada,Alberta,Calgary (Rundle / Whitehorn / Monterey Park),T1Y,404 First Avenue
Canada,Quebec,Lachine East,H8S,901 Oak Street
Mexico,Michoacán de Ocampo,Purépero,58762,308 Calle Independencia
Mexico,Tabasco,Balancán,86947,194 Avenida Reforma
Canada,Quebec,Val-des-Monts,J8N,308 River Road
Canada,New Brunswick,Debec,E7N,925 River Road
Canada,Ontario,Brampton West,L7A,547 King Street
Mexico,Aguascalientes,El Llano,20337,616 Avenida Juarez
Canada,Ontario,Owen Sound,N4K,740 King Street
Canada,Ontario,York (Runnymede / The Junction North),M6N,421 Park Avenue
Mexico,Morelos,Temixco,62586,644 Avenida Juarez
Mexico,Veracruz de Ignacio de la Llave,Mixtla de Altamirano,95045,213 Avenida Juarez
Mexico,Michoacán de Ocampo,Turicato,61690,322 Avenida Juarez
Canada,Ontario,Timmins North,P4P,141 Cedar Road
Mexico,Oaxaca,Santiago Yosondúa,71187,560 Avenida Universidad
Mexico,México,Tlatlaya,51579,562 Avenida Reforma
Mexico,Sonora,Etchojoa,85285,527 Calle Hidalgo
Mexico,Michoacán de Ocampo,San Lucas,61996,139 Calle Allende
Mexico,Durango,Canatlán,34407,609 Calle Allende
Mexico,Durango,Cuencamé,35874,23 Avenida Insurgentes
Mexico,Chiapas,Salto de Agua,29904,164 Calle Hidalgo
Mexico,Oaxaca,San Juan Bautista Valle Nacional,68482,817 Avenida Juarez
Canada,Manitoba,Winnipeg (Sargent Park / Daniel McIntyre / Inkster SE),R3E,428 First Avenue
Canada,Ontario,Mississauga (West Hurontario / SW Gateway),L5R,942 Main Street
Canada,Ontario,Brampton Southwest,L6X,229 First Avenue
Canada,Saskatchewan,Regina Northeast,S4Z,337 Maple Street
Canada,Quebec,Mauricie (Parent),G0X,728 Cedar Road
Mexico,Sonora,Hermosillo,83324,747 Calle Allende
Mexico,Guerrero,Acapulco de Juárez,39928,707 Avenida Central
Canada,Alberta,Calgary (Penbrooke Meadows / Marlborough),T2A,486 Lake Street
Canada,Ontario,Kenora,P9N,50 Main Street
Canada,Quebec,L'Île-Bizard Southwest,H9E,854 Queen Street
Canada,New Brunswick,St. Andrews,E5B,736 First Avenue
Mexico,México,Naucalpan de Juárez,53370,392 Avenida Reforma
Mexico,Veracruz de Ignacio de la Llave,Misantla,93833,441 Avenida Reforma
Mexico,Sonora,Fronteras,84328,74 Calle Allende
Mexico,Sinaloa,Concordia,82650,338 Calle Hidalgo
Canada,Ontario,Downtown Toronto (St. James Town / Cabbagetown),M4X,737 Oak Street
Canada,Quebec,La Malbaie,G5A,873 First Avenue
Mexico,Hidalgo,Huichapan,42437,758 Avenida Central
Mexico,Michoacán de Ocampo,Contepec,61025,185 Calle Independencia
Canada,Ontario,Thunder Bay South,P7J,36 First Avenue
Mexico,Hidalgo,Tepehuacán de Guerrero,43130,642 Avenida Universidad
Canada,Quebec,Petite-Bourgogne,H3J,492 Lake Street
Canada,Quebec,Pointe-Saint-Charles,H3K,106 River Road
Mexico,México,Aculco,50397,209 Calle Zaragoza
Mexico,Tabasco,Tenosique,86904,601 Calle Allende
Canada,Manitoba,Brandon North,R7C,942 River Road
Canada,Quebec,Centre-du-Québec-Est (Saint-Valère),G0P,195 Oak Street
Mexico,Hidalgo,San Bartolo Tutotepec,43444,677 Avenida Central
Canada,Alberta,Edmonton (West Northwest Industrial / Winterburn),T5S,187 River Road
Canada,Ontario,London (Talbot / Lambeth / West Tempo / South Sharon Creek),N6P,325 Main Street
Canada,Quebec,Shawinigan Northwest,G9R,46 River Road
Canada,Quebec,Trois-Rivières East,G9A,382 Lake Street
Canada,Newfoundland and Labrador,St. John's South,A1G,740 Oak Street
Mexico,Querétaro,Peñamiller,76474,716 Calle Allende
Canada,Quebec,Bas-St-Laurent-Est (Sainte-Luce),G0K,732 Park Avenue
Mexico,Michoacán de Ocampo,Tuzantla,61547,796 Avenida Insurgentes
Canada,Quebec,Amos,J9T,351 River Road
Mexico,Veracruz de Ignacio de la Llave,Río Blanco,94734,60 Calle Zaragoza
Mexico,Sonora,Fronteras,84328,20 Avenida Juarez
Mexico,Veracruz de Ignacio de la Llave,Tezonapa,95090,564 Calle Morelos
Canada,Quebec,Clermont,G4A,535 River Road
Canada,Quebec,Val-des-Monts,J8N,612 First Avenue
Canada,Ontario,Strathroy,N7G,588 Main Street
Canada,Ontario,Gloucester (West Orleans),K1C,998 Queen Street
Canada,New Brunswick,Oromocto,E2V,634 Lake Street
Canada,British Columbia,Surrey South,V4P,829 Lake Street
Mexico,Durango,Tamazula,34593,323 Calle Independencia
Canada,British Columbia,Vancouver (UBC),V6T,457 Main Street
Canada,New Brunswick,Kedgwick,E8B,559 Queen Street
Canada,Quebec,Cap-Rouge,G1Y,769 River Road
Mexico,Chihuahua,Juárez,32606,935 Avenida Universidad
Mexico,México,Zumpango,55620,288 Avenida Insurgentes
Mexico,Nuevo León,Montemorelos,67543,242 Calle Zaragoza
Mexico,Guanajuato,San Diego de la Unión,37866,609 Calle Zaragoza
Mexico,Michoacán de Ocampo,La Piedad,59300,922 Avenida Reforma
Mexico,Tabasco,Centla,86752,756 Avenida Insurgentes
Canada,Quebec,Ville-Marie,J9V,582 Cedar Road
Canada,Quebec,Mascouche Extremities,J7K,926 Cedar Road
Mexico,San Luis Potosí,Soledad de Graciano Sánchez,78438,436 Calle Zaragoza
Mexico,Guanajuato,Guanajuato,36227,650 Calle Allende
Mexico,Oaxaca,San José del Progreso,71553,363 Calle Morelos
Canada,Quebec,Saint-Laurent Southeast,H4T,359 Oak Street
Canada,Quebec,Vaudreuil-Soulanges (Coteau-du-Lac),J0P,326 Cedar Road
Canada,Ontario,Chatham Northwest,N7L,672 River Road
Mexico,Chiapas,Bochil,29774,326 Avenida Juarez
Canada,Nova Scotia,Lower Sackville South,B4C,360 Oak Street
Canada,Ontario,St. Catharines Southeast,L2V,360 River Road
Mexico,Michoacán de Ocampo,Aquila,60893,284 Avenida Insurgentes
Mexico,Tabasco,Cárdenas,86495,46 Calle Zaragoza
Canada,Saskatchewan,Moose Jaw Southeast,S6H,473 Oak Street
Canada,Ontario,Woodstock Central,N4S,910 Main Street
Canada,Ontario,Brampton North,L6P,498 Oak Street
Mexico,Chiapas,Huixtán,29475,633 Calle Allende
Mexico,Coahuila de Zaragoza,Piedras Negras,26017,748 Avenida Universidad
Mexico,Campeche,Carmen,24313,974 Avenida Juarez
Canada,Quebec,Repentigny South,J6A,685 Main Street
Mexico,Oaxaca,Santo Domingo Tonalá,69292,112 Avenida Universidad
Mexico,Michoacán de Ocampo,Zacapu,58600,363 Calle Hidalgo
Mexico,Guerrero,Iguala de la Independencia,40101,222 Avenida Central
Mexico,México,Toluca,50240,1 Calle Independencia
Mexico,Chiapas,Motozintla,30911,798 Avenida Juarez
Mexico,Querétaro,Pinal de Amoles,76314,791 Avenida Universidad
Mexico,Sonora,Hermosillo,83293,638 Calle Independencia
Mexico,Michoacán de Ocampo,Morelia,58337,192 Calle Zaragoza
Mexico,Veracruz de Ignacio de la Llave,Xalapa,91193,491 Avenida Central
Canada,Manitoba,South Central Manitoba (Altona),R0G,241 Cedar Road
Canada,Ontario,Hamilton (West Delta / Blakeley / South Stipley / South Gibson / St. Clair),L8M,933 River Road
Mexico,Michoacán de Ocampo,Erongarícuaro,61636,916 Avenida Insurgentes
Canada,Quebec,Charlesbourg South,G1H,614 Oak Street
Mexico,Jalisco,San Pedro Tlaquepaque,45560,438 Avenida Central
Canada,Saskatchewan,Saskatoon South,S7T,514 King Street
Canada,Ontario,Downtown Toronto (Berczy Park),M5E,122 Queen Street
Canada,Ontario,Bolton,L7E,615 First Avenue
Mexico,Guerrero,Chilpancingo de los Bravo,39070,870 Calle Morelos
Canada,New Brunswick,Stanley,E6B,417 Cedar Road
Canada,Ontario,Owen Sound,N4K,102 Queen Street
Mexico,Hidalgo,Tepehuacán de Guerrero,43127,653 Calle Independencia
Mexico,Guanajuato,Yuriria,38950,885 Calle Independencia
Canada,Ontario,Mississauga (Wildwood),L4V,105 Park Avenue
Canada,Quebec,Le Fjord (Forestville),G0T,848 King Street
Mexico,México,Tultitlán,54945,114 Calle Morelos
Canada,Quebec,Notre-Dame-de-Grâce Northeast,H4A,668 King Street
Canada,Alberta,Canmore,T1W,978 First Avenue
Canada,Quebec,Cartierville Central,H4J,842 King Street
Canada,Ontario,Bowmanville East,L1B,336 Maple Street
Canada,Manitoba,Headingley West,R4J,952 Oak Street
Mexico,Sonora,Nogales,84110,680 Avenida Central
Canada,Ontario,Ajax Northwest,L1T,735 Park Avenue
Canada,Quebec,Maniwaki,J9E,688 Main Street
Canada,British Columbia,Victoria Central British Columbia Provincial Government,V8W,209 King Street
Canada,Ontario,Uxbridge,L9P,571 Lake Street
Canada,British Columbia,Vancouver (SE Kerrisdale / SW Oakridge / West Marpole),V6P,489 First Avenue
Canada,Saskatchewan,Regina West,S4T,348 Lake Street
Mexico,Distrito Federal,La Magdalena Contreras,10200,221 Avenida Universidad
Mexico,Hidalgo,Chapulhuacán,42282,114 Avenida Central
Mexico,Guanajuato,Romita,36210,709 Calle Zaragoza
Mexico,Tabasco,Balancán,86940,790 Calle Morelos
Mexico,Puebla,Tetela de Ocampo,73654,758 Avenida Reforma
Mexico,Guerrero,Cochoapa el Grande,41663,404 Calle Zaragoza
Canada,Ontario,Dundas,L9H,392 Main Street
Canada,Ontario,Northwestern Ontario (Red Lake),P0V,545 First Avenue
Canada,Quebec,Terrebonne Northwest,J6X,522 Queen Street
Mexico,Chiapas,Pijijiapan,30548,598 Avenida Insurgentes
Canada,Ontario,Woodstock North,N4T,482 Lake Street
Canada,Nova Scotia,Lower Sackville West,B4E,613 Park Avenue
Canada,Ontario,Scarborough (Cliffside / Cliffcrest / Scarborough Village West),M1M,590 Maple Street
Canada,Ontario,Welland East,L3B,774 Queen Street
Mexico,Hidalgo,Tepeapulco,43974,929 Avenida Reforma
Mexico,Oaxaca,Pluma Hidalgo,70965,767 Avenida Juarez
Mexico,Tabasco,Tenosique,86925,62 Avenida Reforma
Canada,Quebec,Sainte-Marie,G6E,815 River Road
Canada,New Brunswick,Florenceville,E7L,764 Maple Street
Canada,Quebec,Quebec City North Central,G1M,796 River Road
Mexico,Hidalgo,Cuautepec de Hinojosa,43750,703 Avenida Central
Canada,New Brunswick,Shediac,E4P,790 Main Street
Mexico,Durango,Mapimí,35245,493 Avenida Central
Mexico,Chiapas,Comitán de Domínguez,30099,408 Calle Allende
Canada,Newfoundland and Labrador,Central Labrador (Happy Valley-Goose Bay),A0P,812 Cedar Road
Mexico,Sonora,Cajeme,85190,863 Avenida Juarez
Canada,British Columbia,Langley Township North,V1M,301 Cedar Road
Mexico,Veracruz de Ignacio de la Llave,Hueyapan de Ocampo,95864,269 Calle Independencia
Canada,Saskatchewan,Saskatoon West,S7L,321 Main Street
Canada,Ontario,Huntsville,P1H,250 Lake Street
Mexico,Michoacán de Ocampo,Uruapan,60190,63 Calle Zaragoza
Mexico,Nayarit,Tepic,63173,179 Calle Hidalgo
Mexico,Guanajuato,Santa Cruz de Juventino Rosas,38256,772 Calle Independencia
Mexico,México,Lerma,52050,542 Calle Morelos
Mexico,Chiapas,Comitán de Domínguez,30103,577 Avenida Central
Mexico,Oaxaca,San Andrés Cabecera Nueva,71175,935 Avenida Reforma
Mexico,Baja California,Tijuana,22254,162 Avenida Juarez
Mexico,Chihuahua,Temósachic,31983,938 Calle Zaragoza
Mexico,Colima,Tecomán,28160,240 Avenida Central
Mexico,Tamaulipas,Nuevo Laredo,88284,584 Calle Allende
Mexico,Tamaulipas,Nuevo Laredo,88124,780 Calle Zaragoza
Mexico,Durango,San Dimas,34693,774 Avenida Juarez
Canada,Quebec,Saint-Hyacinthe Northwest,J2R,402 Cedar Road
Canada,Quebec,Saint-Henri,H4C,584 Cedar Road
Mexico,Veracruz de Ignacio de la Llave,Santiago Tuxtla,95838,121 Calle Hidalgo
Canada,Ontario,Oshawa East,L1K,613 Queen Street
Mexico,Sonora,Aconchi,84924,616 Calle Zaragoza
Canada,British Columbia,South Okanagan (Summerland),V0H,878 Queen Street
Canada,Ontario,Caledon Village,L7K,469 River Road
Mexico,Guanajuato,Valle de Santiago,38424,839 Avenida Central
Mexico,México,Capulhuac,52700,96 Calle Allende
Mexico,Durango,Pueblo Nuevo,34945,717 Avenida Universidad
Mexico,Guanajuato,Guanajuato,36023,569 Calle Allende
Canada,New Brunswick,Campobello Island,E5E,551 Main Street
Canada,Quebec,La Malbaie,G5A,415 Main Street
Mexico,Durango,Tamazula,34573,439 Calle Allende
Canada,Quebec,Rosemont Central,H1X,440 Maple Street
Canada,Quebec,Repentigny West,J5Z,642 Oak Street
Canada,British Columbia,Vancouver (North West End / Stanley Park),V6G,647 Queen Street
Mexico,Chiapas,Cintalapa,30423,594 Calle Allende
Mexico,Veracruz de Ignacio de la Llave,Tlalixcoyan,95230,241 Calle Independencia
Canada,Ontario,West Toronto (Parkdale / Roncesvalles Village),M6R,667 King Street
Canada,Ontario,Mississauga (Central Lakeview),L5E,713 River Road
Mexico,Guerrero,Técpan de Galeana,40905,98 Calle Morelos
Canada,Ontario,Lake Simcoe North Shore (Coldwater),L0K,540 Queen Street
Canada,British Columbia,Chilliwack West,V2R,228 Queen Street
Mexico,Guanajuato,Silao de la Victoria,36298,705 Avenida Juarez
Mexico,Nuevo León,Monterrey,64100,91 Avenida Universidad
Canada,Manitoba,Southwestern Manitoba (Virden),R0M,636 Lake Street
Canada,New Brunswick,Saint-Antoine,E4V,789 Queen Street
Canada,Ontario,Windsor South (East Malden),N9E,880 Queen Street
Mexico,Querétaro,Huimilpan,76985,72 Avenida Universidad
Canada,Nova Scotia,Dartmouth Northwest,B3B,882 First Avenue
Mexico,Chihuahua,Namiquipa,31973,212 Calle Zaragoza
Mexico,Hidalgo,Tlahuiltepa,43183,910 Calle Allende
Mexico,Oaxaca,Santiago Pinotepa Nacional,71602,222 Calle Morelos
Canada,Quebec,Degelis,G5T,277 Main Street
Mexico,Durango,Mezquital,34995,18 Avenida Reforma
Canada,Ontario,Elgin (Dorchester),N0L,897 Maple Street
Canada,British Columbia,Kelowna Central,V1Y,437 First Avenue
Canada,Ontario,Algoma Southwest (Blind River),P0R,285 Queen Street
Canada,Ontario,Paris,N3L,882 Oak Street
Canada,New Brunswick,Fredericton Junction,E5L,436 Lake Street
Canada,Alberta,Calgary South (Altadore / Bankview / Richmond),T2T,801 River Road
Canada,New Brunswick,Kedgwick,E8B,968 Oak Street
Mexico,México,Acambay de Ruíz Castañeda,50325,485 Avenida Universidad
Canada,Ontario,Downtown Toronto (Church and Wellesley),M4Y,182 River Road
Mexico,Jalisco,Cocula,48506,551 Avenida Universidad
Mexico,Nuevo León,Juárez,67286,721 Avenida Central
Canada,Ontario,Markham Inner Southwest,L6G,848 Maple Street
Mexico,México,Tlalmanalco,56730,47 Calle Independencia
Canada,Quebec,Vaudreuil-Dorion,J7V,290 Maple Street
Mexico,Chihuahua,Chihuahua,31114,783 Avenida Juarez
Mexico,Guerrero,Acapulco de Juárez,39380,158 Avenida Insurgentes
Mexico,Nuevo León,Santa Catarina,66143,273 Calle Zaragoza
Mexico,Durango,Topia,34546,670 Avenida Reforma
Canada,Quebec,Becancour,G9H,955 Main Street
Canada,Ontario,Ajax East,L1Z,675 Park Avenue
Canada,Quebec,Outaouais-Nord (Ferme-Neuve),J0W,678 River Road
Canada,Manitoba,Flin Flon,R8A,418 First Avenue
Canada,Ontario,Courtice,L1E,301 Oak Street
Canada,British Columbia,Prince Rupert,V8J,883 River Road
Canada,British Columbia,Cariboo and West Okanagan (100 Mile House),V0K,79 Lake Street
Mexico,Guanajuato,Guanajuato,36254,588 Calle Morelos
Canada,Quebec,Charny,G6X,502 Maple Street
Mexico,Nayarit,Tepic,63173,127 Avenida Juarez
Mexico,Michoacán de Ocampo,Buenavista,60500,292 Calle Independencia
Canada,Alberta,Fort McMurray Inner Central,T9J,674 Queen Street
Mexico,Guerrero,Pedro Ascencio Alquisiras,40471,394 Avenida Reforma
Canada,Ontario,Gloucester (West Orleans),K1C,344 River Road
Mexico,Guerrero,Coahuayutla de José María Izazaga,40863,281 Avenida Central
Mexico,Quintana Roo,Bacalar,77946,130 Calle Allende
Mexico,Sinaloa,Badiraguato,80645,22 Avenida Universidad
Canada,New Brunswick,Campobello Island,E5E,184 Maple Street
Mexico,México,Ocoyoacac,52757,296 Calle Hidalgo
Mexico,San Luis Potosí,Alaquines,79373,921 Calle Morelos
Canada,Saskatchewan,Saskatoon Southeast,S7V,938 Maple Street
Canada,British Columbia,Saanich Southeast,V8P,495 River Road
Mexico,Puebla,Chichiquila,75098,256 Avenida Universidad
Mexico,Guanajuato,San José Iturbide,37990,592 Calle Hidalgo
Mexico,Guanajuato,Dolores Hidalgo Cuna de la Independencia Nacional,37832,19 Avenida Universidad
Canada,Quebec,L'Ancienne-Lorette Southwest,G2G,715 Queen Street
Mexico,Chihuahua,Ascensión,31820,227 Calle Independencia
Mexico,Michoacán de Ocampo,Queréndaro,58990,79 Calle Morelos
Mexico,Durango,Pueblo Nuevo,34967,966 Avenida Central
Mexico,México,Chapultepec,52253,272 Avenida Reforma
Mexico,Yucatán,Izamal,97540,133 Calle Allende
Mexico,Guerrero,Zitlala,41160,406 Calle Allende
Mexico,Guanajuato,Celaya,38035,967 Calle Allende
Canada,Newfoundland and Labrador,Southwestern Newfoundland (Channel-Port aux Basques),A0M,952 River Road
Mexico,Yucatán,Temax,97510,91 Calle Zaragoza
Canada,New Brunswick,Nackawic,E6G,445 River Road
Mexico,Jalisco,Guadalajara,44730,595 Avenida Central
Canada,Quebec,Trois-Rivières Central,G8Y,483 Maple Street
Mexico,Oaxaca,Santa María Ixcatlán,68595,186 Avenida Universidad
Mexico,Michoacán de Ocampo,Maravatío,61260,698 Avenida Central
Canada,Ontario,Cambridge Northeast,N3C,47 Main Street
Canada,New Brunswick,Moncton Central,E1C,894 River Road
Mexico,Sinaloa,Guasave,81124,382 Avenida Central
Mexico,Veracruz de Ignacio de la Llave,San Andrés Tuxtla,95824,439 Calle Morelos
Mexico,Veracruz de Ignacio de la Llave,Atzalan,93698,702 Avenida Insurgentes
Canada,Ontario,Cambridge Northeast,N3C,207 Cedar Road
Canada,Quebec,Baie-Saint-Paul,G3Z,476 Queen Street
Mexico,México,Toluca,50295,342 Avenida Central
Canada,Newfoundland and Labrador,Portugal Cove-St. Philips,A1M,376 Oak Street
Canada,British Columbia,Saanich Southeast,V8P,995 Cedar Road
Mexico,Baja California Sur,La Paz,23050,551 Calle Morelos
Mexico,Michoacán de Ocampo,Nuevo Parangaricutiro,60496,241 Calle Independencia
Mexico,Morelos,Puente de Ixtla,62663,405 Calle Independencia
Mexico,México,Villa Victoria,50986,897 Calle Independencia
Mexico,Sonora,Hermosillo,83334,131 Calle Allende
Canada,Ontario,Holland Landing,L9N,337 Queen Street
Mexico,Guanajuato,Romita,36215,757 Avenida Central
Canada,Quebec,Alma Southwest,G8C,593 Maple Street
Canada,Alberta,Calgary (Tuscany / Scenic Acres),T3L,267 Park Avenue
Canada,Nova Scotia,Sydney Central,B1S,122 Maple Street
Mexico,San Luis Potosí,Rioverde,79644,972 Calle Morelos
Canada,Quebec,Farnham,J2N,603 River Road
Mexico,Puebla,Libres,73791,727 Calle Allende
Canada,Quebec,Saint-Constant,J5A,983 River Road
Canada,Ontario,Brampton Northwest,L6R,607 First Avenue
Canada,Ontario,London (West Huron Heights / Carling),N5Y,16 Park Avenue
Mexico,Sonora,Hermosillo,83104,245 Calle Allende
Mexico,Coahuila de Zaragoza,Frontera,25628,255 Calle Zaragoza
Canada,Quebec,Mont-Tremblant,J8E,822 Park Avenue
Canada,Alberta,Blackfalds,T4M,777 Lake Street
Mexico,Veracruz de Ignacio de la Llave,Boca del Río,94296,85 Avenida Insurgentes
Mexico,Zacatecas,Jerez,99312,209 Calle Zaragoza
Mexico,Hidalgo,Xochiatipan,43094,480 Avenida Juarez
Mexico,Durango,Lerdo,35157,422 Calle Hidalgo
Canada,Manitoba,Winnipeg (St. Boniface South / St. Vital SE),R3X,599 Maple Street
Mexico,Nuevo León,Guadalupe,67194,895 Calle Independencia
Mexico,Chiapas,Ocosingo,29952,508 Avenida Insurgentes
Canada,British Columbia,Vancouver (South Grandview-Woodlands / NE Kensington),V5N,182 Maple Street
Mexico,Sonora,Cajeme,85203,340 Avenida Juarez
Mexico,México,Tlalnepantla de Baz,54190,376 Avenida Central
Mexico,Guanajuato,León,37358,612 Avenida Central
Canada,Manitoba,Portage la Prairie,R1N,681 Cedar Road
Canada,Ontario,Timiskaming South (Temiskaming Shores),P0J,612 Main Street
Canada,Quebec,Manicouagan (Baie-Trinité),G0H,75 King Street
Canada,British Columbia,North Vancouver Northwest,V7R,284 Queen Street
Mexico,Guanajuato,Celaya,38095,767 Calle Morelos
Canada,British Columbia,Surrey South,V4P,400 Oak Street
Mexico,Veracruz de Ignacio de la Llave,Castillo de Teayo,92940,236 Calle Morelos
Canada,Ontario,Elliot Lake,P5A,603 Park Avenue
Mexico,Guanajuato,León,37299,474 Avenida Insurgentes
Canada,Ontario,Hamilton (Sherwood / Huntington / Upper King's Forest / Lisgar / Berrisfield / Hampton Heights / Sunninghill),L8T,443 River Road
Mexico,Coahuila de Zaragoza,Acuña,26236,227 Calle Hidalgo
Mexico,Hidalgo,Epazoyucan,43586,280 Calle Morelos
Mexico,Guerrero,Teloloapan,40407,406 Avenida Juarez
Mexico,Jalisco,Cihuatlán,48987,133 Avenida Juarez
Canada,Nova Scotia,Dartmouth North Central,B2X,986 Lake Street
Canada,British Columbia,Cariboo and West Okanagan (100 Mile House),V0K,141 Lake Street
Mexico,México,Ixtapaluca,56588,161 Avenida Universidad
Mexico,Guerrero,José Joaquín de Herrera,41124,204 Calle Zaragoza
Canada,British Columbia,Vancouver (Waterfront / Coal Harbour / Canada Place),V6C,859 Park Avenue
Canada,Ontario,London (West Huron Heights / Carling),N5Y,546 Park Avenue
Canada,Ontario,Hamilton (Crerar / Bruleville / Hill Park / Inch Park / Centremount / Balfour / Greeningdon / Jerome),L9A,987 Lake Street
Mexico,Tabasco,Balancán,86937,415 Calle Hidalgo
Mexico,Chihuahua,Juárez,32457,127 Calle Independencia
Canada,Ontario,Arnprior,K7S,302 Maple Street
Canada,Newfoundland and Labrador,Clarenville,A5A,951 Maple Street
Mexico,Oaxaca,San Gabriel Mixtepec,71971,234 Avenida Reforma
Canada,Ontario,Nepean (Davidson Heights),K2G,309 Main Street
Mexico,Veracruz de Ignacio de la Llave,Coatzacoalcos,96380,855 Calle Independencia
Canada,British Columbia,Vancouver (East Fairview / South Cambie),V5Z,789 King Street
Mexico,Veracruz de Ignacio de la Llave,Martínez de la Torre,93603,873 Calle Allende
Mexico,Coahuila de Zaragoza,Saltillo,25023,939 Calle Morelos
Mexico,Chiapas,Chicomuselo,30123,415 Calle Independencia
Canada,Quebec,Repentigny Northeast,J5Y,130 Park Avenue
Mexico,Querétaro,Pinal de Amoles,76326,171 Avenida Juarez
Canada,Newfoundland and Labrador,Northern Newfoundland (Springdale),A0J,511 Queen Street
Mexico,Oaxaca,Santa Cruz Xoxocotlán,71233,683 Calle Morelos
Canada,Quebec,Val-Bélair South,G3K,301 First Avenue
Canada,Manitoba,Winnipeg (Broadway / The Forks / Portage and Main) Manitoba Provincial Government,R3C,27 River Road
Mexico,México,Zumpango,55614,816 Calle Morelos
Canada,Quebec,Fabreville,H7P,854 First Avenue
Mexico,Sonora,Hermosillo,83117,548 Avenida Universidad
Mexico,Oaxaca,Heroica Ciudad de Juchitán de Zaragoza,70013,825 Calle Hidalgo
Mexico,Guerrero,Chilpancingo de los Bravo,39020,769 Avenida Universidad
Mexico,San Luis Potosí,Cárdenas,79385,209 Avenida Reforma
Canada,Ontario,Oakville North,L6H,137 Main Street
Canada,Manitoba,Winnipeg (Fort Garry NE / University of Manitoba),R3T,992 Park Avenue
Canada,Manitoba,Winnipeg (Chinatown / Civic Centre / Exchange District),R3B,707 Lake Street
Mexico,Distrito Federal,Iztacalco,08610,427 Avenida Universidad
Mexico,Tabasco,Cárdenas,86464,628 Calle Zaragoza
Mexico,Guanajuato,San Francisco del Rincón,36342,80 Calle Allende
Canada,Ontario,St. Catharines East,L2P,378 Cedar Road
Mexico,Coahuila de Zaragoza,Torreón,27435,800 Calle Allende
Canada,Quebec,Place Bonaventure,H5A,564 Park Avenue
Canada,Quebec,Thetford Mines,G6G,466 First Avenue
Canada,Alberta,Calgary (Kensington / Westmont / Parkdale / University),T2N,252 Lake Street
Canada,Quebec,Jean-Talon Southeast,G1G,74 Maple Street
Mexico,Nuevo León,Monterrey,64350,165 Calle Morelos
Mexico,Puebla,Tecamachalco,75485,803 Calle Hidalgo
Canada,Quebec,Jonquière Central,G7X,733 King Street
Mexico,Oaxaca,San Juan Bautista Guelache,68236,706 Calle Independencia
Canada,New Brunswick,Saint-Isidore,E8M,590 King Street
Mexico,Tabasco,Balancán,86935,298 Avenida Juarez
Mexico,Chihuahua,Temósachic,31985,967 Avenida Universidad
Mexico,Chihuahua,Delicias,33087,37 Avenida Juarez
Canada,Alberta,Calgary (Bridgeland / Greenview / Zoo / YYC),T2E,995 First Avenue
Canada,Ontario,Newmarket Northeast,L3Y,549 Cedar Road
Canada,Nunavut Territory,Central Nunavut (Cambridge Bay),X0B,224 First Avenue
Canada,Ontario,Downsview Central,M3M,614 Main Street
Mexico,Querétaro,Arroyo Seco,76401,797 Avenida Insurgentes
Mexico,Durango,Mezquital,34984,630 Calle Hidalgo
Canada,Ontario,Orleans (Fallingbrook),K4A,213 Cedar Road
Mexico,Hidalgo,Pachuca de Soto,42090,159 Calle Morelos
Canada,Newfoundland and Labrador,Northwest Newfoundland/Eastern Labrador (Mary's Harbour),A0K,162 Oak Street
Mexico,Yucatán,Umán,97390,465 Avenida Juarez
Canada,Ontario,Hamilton (West Industrial Sector / West Crown Point / North Stipley / North Gibson / Landsdale / Keith / North End / Beasley),L8L,997 Main Street
Mexico,Guanajuato,San Miguel de Allende,37894,768 Avenida Reforma
Mexico,Querétaro,Corregidora,76900,986 Avenida Reforma
Canada,Alberta,Taber,T1G,599 First Avenue
Mexico,Chiapas,Palenque,29960,123 Calle Morelos
Canada,Quebec,Farnham,J2N,19 First Avenue
Mexico,Guanajuato,Valle de Santiago,38414,942 Avenida Universidad
Mexico,Nuevo León,Salinas Victoria,65520,903 Avenida Universidad
Canada,British Columbia,Kamloops South and West,V2E,579 Lake Street
Mexico,Tabasco,Emiliano Zapata,86998,3 Avenida Universidad
Canada,Quebec,Sherbrooke East,J1G,970 Oak Street
Mexico,Hidalgo,Zempoala,43845,174 Avenida Reforma
Canada,Ontario,Dufferin County (Shelburne),L0N,254 Oak Street
Canada,Quebec,Centre-Sud South,H2L,721 Maple Street
Mexico,Tabasco,Nacajuca,86237,480 Avenida Universidad
Mexico,Guerrero,Técpan de Galeana,40900,742 Calle Morelos
Mexico,Hidalgo,Tizayuca,43808,494 Calle Independencia
Mexico,Michoacán de Ocampo,Tuxpan,61446,938 Avenida Reforma
Canada,Manitoba,Morden,R6M,892 Maple Street
Mexico,Durango,Lerdo,35171,37 Avenida Universidad
Mexico,Chiapas,San Cristóbal de las Casas,29293,396 Avenida Reforma
Canada,British Columbia,Harrison Lake Region (Agassiz),V0M,26 Queen Street
Canada,Quebec,Châteauguay South,J6K,442 River Road
Canada,Quebec,Sept-Îles Northwest,G4S,829 Lake Street
Canada,Newfoundland and Labrador,St. John's Southwest,A1H,561 River Road
Canada,Ontario,Cumberland,K4C,130 River Road
Canada,Quebec,Dorval Outskirts,H9P,697 Park Avenue
Canada,New Brunswick,Saint-Quentin,E8A,961 Main Street
Canada,Quebec,Gaspésie-Ouest (Causapscal),G0J,907 Main Street
Canada,Ontario,Cumberland,K4C,254 River Road
Canada,Quebec,Quebec City Mid-Riverbank,G1K,238 River Road
Mexico,Durango,Mezquital,34973,523 Calle Independencia
Mexico,Tabasco,Comalcalco,86650,480 Avenida Reforma
Mexico,Durango,Santiago Papasquiaro,34606,481 Calle Zaragoza
Mexico,San Luis Potosí,San Luis Potosí,78300,397 Avenida Insurgentes
Mexico,Sinaloa,Sinaloa,81973,235 Calle Allende
Mexico,México,Tlalnepantla de Baz,54080,707 Calle Hidalgo
Canada,New Brunswick,Belledune,E8G,479 Maple Street
Mexico,Campeche,Candelaria,24345,855 Avenida Universidad
Mexico,Querétaro,Corregidora,76907,661 Calle Independencia
Mexico,Baja California Sur,La Paz,23075,736 Calle Independencia
Mexico,Guanajuato,Acámbaro,38630,258 Calle Allende
Mexico,Michoacán de Ocampo,Morelia,58195,890 Calle Independencia
Canada,Ontario,Ottawa (West Downtown area),K1R,924 Oak Street
Mexico,Guerrero,Zirándaro,40761,965 Calle Morelos
Mexico,Sonora,Arizpe,84654,5 Calle Morelos
Canada,Ontario,Peterborough County and North Hastings County (Lakefield),K0L,836 First Avenue
Mexico,Oaxaca,Villa Sola de Vega,71417,594 Calle Allende
Mexico,Tlaxcala,Calpulalpan,90208,409 Calle Morelos
Mexico,México,Coacalco de Berriozábal,55738,725 Calle Morelos
Mexico,Coahuila de Zaragoza,Saltillo,25013,428 Avenida Insurgentes
Mexico,Sonora,San Ignacio Río Muerto,85516,846 Calle Independencia
Mexico,Veracruz de Ignacio de la Llave,Martínez de la Torre,93605,336 Calle Morelos
Canada,Ontario,Etobicoke (Mimico NW / The Queensway West / South of Bloor / Kingsway Park South West / Royal York South West),M8Z,758 Maple Street
Canada,Quebec,Centre-Sud North,H2K,468 Queen Street
Canada,Quebec,Baie-Comeau Northeast,G4Z,252 King Street
Mexico,Oaxaca,Santa María Huatulco,70988,767 Avenida Reforma
Canada,Alberta,Edmonton (Central Beverly),T5W,137 Main Street
Canada,Ontario,Springwater,L9X,304 River Road
Mexico,Veracruz de Ignacio de la Llave,Hidalgotitlán,96944,344 Avenida Juarez
Mexico,Tabasco,Balancán,86933,490 Calle Hidalgo
Canada,British Columbia,Burnaby (Cascade-Schou / Douglas-Gilpin),V5G,602 River Road
Canada,Quebec,Lac-Beauport,G3B,726 Oak Street
Mexico,Chiapas,Chiapa de Corzo,29170,373 Avenida Reforma
Canada,Ontario,Georgetown,L7G,628 River Road
Mexico,Oaxaca,Pluma Hidalgo,70964,815 Calle Independencia
Mexico,Chiapas,San Cristóbal de las Casas,29243,83 Avenida Central
Mexico,Guerrero,Tlacoachistlahuaca,41769,530 Avenida Insurgentes
Canada,Manitoba,West St. Paul,R4A,271 Queen Street
Mexico,Durango,San Dimas,34697,132 Avenida Reforma
Mexico,Hidalgo,Tianguistengo,43274,153 Avenida Central
Canada,Manitoba,Winnipeg (St. James-Assiniboia SW),R3K,993 Cedar Road
Canada,Manitoba,Winnipeg (River Heights East),R3L,651 Cedar Road
Mexico,Coahuila de Zaragoza,Piedras Negras,26050,477 Avenida Reforma
Mexico,Coahuila de Zaragoza,Múzquiz,26343,727 Avenida Juarez
Canada,Quebec,Pont-Rouge,G3H,770 Main Street
Canada,Quebec,Pierrefonds,H8Z,820 Main Street
Mexico,Hidalgo,Tianguistengo,43281,532 Calle Independencia
Mexico,Sonora,Hermosillo,83334,121 Avenida Universidad
Canada,New Brunswick,Beresford,E8K,310 Maple Street
Canada,British Columbia,Burnaby (Government Road / Lake City / SFU / Burnaby Mountain),V5A,144 Cedar Road
Mexico,Guanajuato,Jerécuaro,38564,869 Calle Hidalgo
Mexico,Durango,Mezquital,34977,34 Calle Zaragoza
Canada,Quebec,Old Montreal,H2Y,625 Park Avenue
Canada,Ontario,Windsor (University / South Cameron),N9B,413 Oak Street
Canada,British Columbia,Vancouver (East Fairview / South Cambie),V5Z,186 Park Avenue
Canada,Quebec,Petite-Patrie Southwest,H2S,477 King Street
Mexico,Guanajuato,Purísima del Rincón,36423,671 Calle Zaragoza
Mexico,San Luis Potosí,Santo Domingo,78637,37 Avenida Juarez
Mexico,Durango,Pueblo Nuevo,34950,900 Avenida Juarez
Canada,Ontario,Ottawa (The Glebe / Ottawa South / Ottawa East),K1S,15 Main Street
Canada,Ontario,Markham Inner Southwest,L6G,246 King Street
Mexico,Michoacán de Ocampo,Turicato,61684,610 Calle Zaragoza
Mexico,Veracruz de Ignacio de la Llave,Ixhuatlán del Café,94180,930 Calle Allende
Canada,Nova Scotia,Queens County (Shelburne),B0T,284 Queen Street
Mexico,Jalisco,La Huerta,48896,688 Calle Zaragoza
Mexico,Guanajuato,Manuel Doblado,36480,886 Calle Independencia
Canada,Nova Scotia,Queens County (Shelburne),B0T,991 Queen Street
Mexico,Oaxaca,Acatlán de Pérez Figueroa,68424,532 Avenida Central
Canada,Ontario,Listowel,N4W,50 Park Avenue
Mexico,Durango,Mezquital,34986,715 Calle Hidalgo
Canada,New Brunswick,Richibucto,E4W,173 Main Street
Canada,Quebec,Côte-des-Neiges North,H3S,738 Main Street
Canada,Prince Edward Island,Charlottetown North,C1C,457 First Avenue
Mexico,Colima,Manzanillo,28219,911 Avenida Insurgentes
Canada,British Columbia,North Vancouver Outer East,V7G,759 River Road
Mexico,Michoacán de Ocampo,Uruapan,60010,179 Avenida Reforma
Mexico,Nuevo León,Apodaca,66634,599 Calle Allende
Mexico,San Luis Potosí,Rayón,79751,107 Avenida Insurgentes
Canada,Nova Scotia,Big Bras d'Or,B1X,374 River Road
Mexico,Chihuahua,Cuauhtémoc,31530,717 Avenida Central
Mexico,Baja California,Mexicali,21376,550 Calle Allende
Mexico,Sonora,Moctezuma,84560,85 Avenida Insurgentes
Mexico,Durango,Durango,34305,310 Calle Zaragoza
Mexico,Nuevo León,Sabinas Hidalgo,65256,46 Calle Independencia
Mexico,Guanajuato,León,37550,574 Avenida Central
Canada,Quebec,Alma Southeast,G8B,980 Lake Street
Mexico,Michoacán de Ocampo,Huetamo,61943,856 Avenida Universidad
Canada,Quebec,Plessisville,G6L,591 Main Street
Canada,Ontario,Cambridge Southwest,N1S,421 Lake Street
Mexico,México,Tlalmanalco,56740,565 Calle Hidalgo
Mexico,Nuevo León,San Nicolás de los Garza,66479,50 Calle Independencia
Mexico,San Luis Potosí,Matehuala,78769,374 Calle Zaragoza
Mexico,Michoacán de Ocampo,Aquila,60884,144 Calle Hidalgo
Mexico,México,Tultitlán,54935,591 Avenida Central
Mexico,Sonora,Hermosillo,83223,550 Calle Independencia
Canada,New Brunswick,Hartland,E7P,280 Main Street
Canada,Quebec,Rivière-des-Prairies Northeast,H1C,830 Park Avenue
Mexico,Guanajuato,San Luis de la Paz,37917,660 Calle Allende
Canada,New Brunswick,Saint-Jacques,E7B,636 King Street
Mexico,Yucatán,Mérida,97203,202 Calle Independencia
Mexico,Chihuahua,Riva Palacio,31643,809 Calle Zaragoza
Canada,Alberta,Edmonton (South Industrial),T6N,981 King Street
Canada,Ontario,Ottawa West,K1Y,798 Park Avenue
Mexico,Durango,Durango,34144,765 Avenida Central
Mexico,Querétaro,Peñamiller,76464,805 Calle Zaragoza
Mexico,Jalisco,Ayutla,48064,82 Calle Morelos
Mexico,San Luis Potosí,Villa de Arista,78950,812 Calle Zaragoza
Canada,Ontario,St. Catharines Central,L2R,990 First Avenue
Canada,Ontario,Georgian Bay South Shore (Angus),L0M,994 River Road
Mexico,Hidalgo,Acaxochitlán,43721,274 Avenida Juarez
Mexico,Tabasco,Centro,86109,775 Avenida Reforma
Mexico,Chiapas,Chiapa de Corzo,29169,311 Avenida Insurgentes
Canada,British Columbia,Ladysmith,V9G,67 King Street
Canada,Ontario,Cumberland Township,K4B,454 Queen Street
Mexico,Campeche,Escárcega,24358,890 Avenida Reforma
Mexico,Michoacán de Ocampo,Hidalgo,61120,821 Avenida Reforma
Mexico,Sonora,Hermosillo,83303,646 Avenida Juarez
Mexico,Hidalgo,Tasquillo,42383,860 Avenida Central
Canada,Quebec,Montérégie-Nord (Saint-Antoine-Sur-Richelieu),J0L,465 Main Street
Canada,British Columbia,Vancouver (Killarney),V5S,957 King Street
Mexico,Chiapas,Tuxtla Gutiérrez,29014,187 Calle Independencia
Mexico,Sonora,Alamos,85777,401 Avenida Universidad
Mexico,Tabasco,Centro,86284,370 Avenida Juarez
Canada,Alberta,Ponoka,T4J,653 Park Avenue
Canada,Quebec,Saint-Georges Southeast,G5Z,690 Maple Street
Mexico,Michoacán de Ocampo,Buenavista,60530,665 Avenida Insurgentes
Mexico,Sonora,Cajeme,85200,484 Calle Hidalgo
Mexico,Jalisco,Villa Purificación,48802,452 Avenida Reforma
Canada,New Brunswick,Saint-Quentin,E8A,67 King Street
Canada,Ontario,Renfrew,K7V,509 Oak Street
Canada,Quebec,Lachine West,H8T,174 Maple Street
Mexico,Durango,Pueblo Nuevo,34950,821 Avenida Insurgentes
Canada,Ontario,Springwater,L9X,339 King Street
Mexico,Sonora,Hermosillo,83334,921 Calle Morelos
Mexico,Michoacán de Ocampo,Chucándiro,58865,653 Avenida Juarez
Canada,Saskatchewan,Saskatoon Southwest,S7M,391 Oak Street
Canada,Ontario,North York (Bedford Park / Lawrence Park West / Lawrence Manor East),M5M,526 King Street
Mexico,Chihuahua,Satevó,33156,953 Calle Allende
Canada,Ontario,Mississauga (Erin Mills / Western Business Park),L5L,156 Oak Street
Mexico,Distrito Federal,Cuajimalpa de Morelos,05128,967 Calle Allende
Canada,British Columbia,Kamloops Southwest,V1S,110 King Street
Canada,British Columbia,Port Coquitlam Central,V3B,111 Park Avenue
Mexico,Chiapas,Jitotol,29767,106 Avenida Central
Mexico,Tamaulipas,Mainero,87865,246 Calle Hidalgo
Mexico,Sinaloa,San Ignacio,82971,89 Avenida Reforma
Canada,Quebec,Dollard-Des-Ormeaux Southwest,H9G,673 River Road
Mexico,Tlaxcala,Tlaxco,90264,146 Calle Independencia
Canada,Quebec,Rivière-du-Loup,G5R,900 First Avenue
Mexico,Chiapas,Salto de Agua,29904,991 Calle Zaragoza
Mexico,Coahuila de Zaragoza,Nava,26174,634 Calle Allende
Canada,Ontario,Downtown Toronto (Berczy Park),M5E,2 River Road
Mexico,Tamaulipas,Altamira,89603,890 Calle Morelos
Canada,Ontario,Sarnia Central,N7S,967 Maple Street
Canada,New Brunswick,Fredericton Junction,E5L,414 Main Street
Canada,Quebec,Vimont,H7M,8 First Avenue
Canada,Ontario,Perth (Mitchell),N0K,852 River Road
Canada,Ontario,Ottawa (Centre Town),K2P,992 River Road
Canada,Ontario,Scarborough (Milliken / Agincourt North / Steeles East / L'Amoreaux East),M1V,348 Queen Street
Mexico,Guerrero,Olinalá,41020,661 Avenida Central
Mexico,Chihuahua,Namiquipa,31960,249 Avenida Central
Mexico,Yucatán,Halachó,97837,312 Calle Hidalgo
Canada,Quebec,Jonquière Central,G7X,931 Oak Street
Canada,Quebec,Jean-Talon Southeast,G1G,435 River Road
Mexico,México,Tonatico,51973,432 Calle Hidalgo
Mexico,Guanajuato,Celaya,38140,37 Avenida Universidad
Canada,Quebec,Saint-Jérôme North,J7Y,9 Main Street
Mexico,Chiapas,Acala,29385,234 Calle Hidalgo
Canada,Ontario,Renfrew County and Lanark Highlands Township (Deep River),K0J,477 Cedar Road
Mexico,Coahuila de Zaragoza,Saltillo,25168,479 Calle Allende
Canada,Alberta,Edmonton (Southgate / North Riverbend),T6H,739 Queen Street
Mexico,Nuevo León,Montemorelos,67540,983 Calle Zaragoza
Mexico,Chiapas,Tapachula,30786,614 Avenida Reforma
Canada,Quebec,Saint-Hubert Central,J3Y,672 Lake Street
Mexico,México,Toluca,50265,543 Calle Independencia
Mexico,Oaxaca,San Mateo Yucutindoo,71378,103 Avenida Juarez
Mexico,Guanajuato,Irapuato,36554,837 Avenida Central
Mexico,Chihuahua,Cuauhtémoc,31550,953 Avenida Reforma
Canada,British Columbia,Burnaby (Maywood / Marlborough / Oakalla / Windsor),V5H,691 Oak Street
Canada,Ontario,Amherstburg,N9V,990 Queen Street
Mexico,Veracruz de Ignacio de la Llave,Minatitlán,96904,19 Calle Zaragoza
Mexico,Sonora,Hermosillo,83287,617 Calle Independencia
Canada,Quebec,Saint-Bruno,J3V,160 Oak Street
Mexico,Guerrero,Tlacoachistlahuaca,41753,57 Calle Allende
Canada,Ontario,Thornhill West,L4J,105 Maple Street
Canada,Ontario,Cambridge Central,N1R,240 River Road
Mexico,Guanajuato,Silao de la Victoria,36294,281 Avenida Central
Mexico,Durango,Mezquital,34993,917 Calle Morelos
Canada,Newfoundland and Labrador,Carbonear,A1Y,39 River Road
Canada,British Columbia,Kimberley,V1A,467 Queen Street
Canada,Ontario,Ajax East,L1Z,280 Maple Street
Mexico,Sonora,San Miguel de Horcasitas,83365,836 Calle Morelos
Canada,Manitoba,Winnipeg (Point Douglas East),R2W,854 First Avenue
Mexico,Puebla,Ocoyucan,72864,312 Calle Independencia
Canada,Quebec,Montérégie-Ouest (Saint-Anicet),J0S,447 Cedar Road
Canada,Alberta,Calgary (Millrise / Somerset / Bridlewood / Evergreen),T2Y,924 Queen Street
Canada,British Columbia,Sidney,V8L,868 King Street
Mexico,Distrito Federal,Venustiano Carranza,15909,465 Calle Zaragoza
Canada,Nova Scotia,Big Bras d'Or,B1X,681 Cedar Road
Mexico,Chiapas,Villa Corzo,30524,250 Calle Hidalgo
Mexico,Veracruz de Ignacio de la Llave,Tlilapan,94860,141 Avenida Juarez
Mexico,Oaxaca,Santos Reyes Nopala,71963,376 Calle Independencia
Mexico,Hidalgo,Metztitlán,43364,623 Avenida Universidad
Mexico,Michoacán de Ocampo,Tacámbaro,61654,746 Avenida Juarez
Mexico,Sonora,Alamos,85775,295 Avenida Central
Mexico,San Luis Potosí,Matehuala,78724,275 Avenida Insurgentes
Mexico,México,Zumpango,55610,582 Calle Allende
Mexico,México,Temascalapa,55996,577 Calle Morelos
Canada,Quebec,Drummondville Central,J2C,137 Cedar Road
Canada,Ontario,Etobicoke (The Kingsway / Montgomery Road / Old Mill North),M8X,342 Oak Street
Mexico,Tabasco,Jalpa de Méndez,86200,470 Avenida Reforma
Mexico,Sinaloa,Culiacán,80058,261 Avenida Central
Mexico,Zacatecas,General Pánfilo Natera,98740,804 Avenida Universidad
Mexico,Tlaxcala,Apizaco,90355,551 Avenida Universidad
Mexico,Durango,Durango,34299,983 Calle Independencia
Mexico,Aguascalientes,Pabellón de Arteaga,20673,630 Calle Allende
Canada,New Brunswick,Hillsborough,E4H,942 River Road
Canada,Ontario,Huntsville,P1H,728 Lake Street
Canada,Newfoundland and Labrador,Corner Brook,A2H,296 Maple Street
Canada,Prince Edward Island,Montague,C0A,911 Oak Street
Mexico,Querétaro,Amealco de Bonfil,76850,576 Avenida Central
Canada,Ontario,Bowmanville West,L1C,304 Main Street
Canada,Alberta,Ponoka,T4J,199 Oak Street
Mexico,Querétaro,Amealco de Bonfil,76883,451 Avenida Juarez
Canada,Quebec,Bas-St-Laurent-Est (Sainte-Luce),G0K,432 Lake Street
Canada,Ontario,Sioux Lookout,P8T,985 Main Street
Mexico,Hidalgo,Chapulhuacán,42290,931 Avenida Juarez
Mexico,Baja California,Tijuana,22474,209 Calle Zaragoza
Canada,Alberta,Calgary South (Altadore / Bankview / Richmond),T2T,959 Park Avenue
Mexico,Chiapas,Tapachula,30785,804 Avenida Reforma
Mexico,Michoacán de Ocampo,Tuzantla,61557,26 Calle Zaragoza
Canada,British Columbia,Prince George East Central,V2L,916 Maple Street
Mexico,Michoacán de Ocampo,Morelia,58254,120 Avenida Universidad
Canada,Quebec,Dorval Outskirts,H9P,730 Park Avenue
Canada,Quebec,Quebec City South,G1S,943 First Avenue
Canada,Ontario,Essex (Belle River),N0R,306 Maple Street
Mexico,México,Tultitlán,54900,398 Avenida Insurgentes
Canada,Manitoba,Winnipeg (Fort Garry NE / University of Manitoba),R3T,823 Park Avenue
Mexico,San Luis Potosí,Villa de Arriaga,78494,437 Avenida Central
Canada,British Columbia,Kitimat,V8C,503 First Avenue
Mexico,Michoacán de Ocampo,Jiménez,58783,840 Avenida Central
Mexico,Tamaulipas,Río Bravo,88821,819 Calle Morelos
Mexico,Guanajuato,Tierra Blanca,37974,339 Avenida Reforma
Canada,Nova Scotia,Eskasoni,B1W,194 Oak Street
Canada,Ontario,Nipissing Central (Burk's Falls),P0A,426 Cedar Road
Mexico,Guanajuato,Cortazar,38496,245 Calle Hidalgo
Canada,Quebec,Jean-Talon West,G2N,517 Park Avenue
Mexico,Jalisco,Villa Purificación,48800,240 Calle Allende
Mexico,Michoacán de Ocampo,Zitácuaro,61524,51 Calle Allende
Canada,Manitoba,Western Manitoba (Swan River),R0L,338 Maple Street
Canada,Quebec,Aylmer South,J9H,744 Queen Street
Canada,Quebec,L'Île-Des-Soeurs,H3E,882 First Avenue
Mexico,Guanajuato,Comonfort,38204,198 Calle Allende
Canada,Saskatchewan,Regina South Saskatchewan Provincial Government,S4S,169 Oak Street
Canada,Quebec,Bromont,J2L,872 First Avenue
Mexico,Hidalgo,Zempoala,43844,903 Avenida Reforma
Mexico,San Luis Potosí,Villa Hidalgo,78973,212 Avenida Insurgentes
Canada,Quebec,Joliette,J6E,607 Cedar Road
Canada,Ontario,Thunder Bay North,P7G,650 Queen Street
Canada,Alberta,Calgary (Highfield / Burns Industrial),T2H,54 River Road
Mexico,Guanajuato,Abasolo,36985,593 Avenida Insurgentes
Canada,British Columbia,Surrey North,V3R,780 Oak Street
Canada,Ontario,Nepean (Fallowfield Village / Cedarhill Estates / Orchard Estates),K2R,11 Cedar Road
Canada,Ontario,La Salle West,N9J,829 Main Street
Canada,Ontario,Aurora,L4G,587 First Avenue
Mexico,Durango,Mezquital,34980,207 Avenida Reforma
Canada,British Columbia,Williams Lake,V2G,916 Queen Street
Mexico,Chihuahua,Juárez,32540,356 Avenida Reforma
Canada,Quebec,Mascouche Extremities,J7K,268 Maple Street
Canada,New Brunswick,Plaster Rock,E7G,628 King Street
Canada,Alberta,Calgary (Cranston),T3M,225 River Road
Canada,Quebec,Roxboro,H8Y,248 Lake Street
Mexico,Durango,Mezquital,34986,715 Calle Allende
Mexico,Michoacán de Ocampo,Tzitzio,61355,83 Calle Hidalgo
Canada,Alberta,International Border Region (Cardston),T0K,81 Cedar Road
Canada,Alberta,Edmonton (Central Beverly),T5W,375 Lake Street
Mexico,Puebla,Coxcatlán,75980,130 Avenida Insurgentes
Mexico,San Luis Potosí,Ciudad del Maíz,79340,339 Avenida Universidad
Canada,Quebec,Bas-St-Laurent-Ouest (Trois-Pistoles),G0L,74 Cedar Road
Mexico,Chihuahua,Juárez,32575,342 Calle Morelos
Canada,Quebec,Jonquière Southwest,G7Y,272 Cedar Road
Mexico,Zacatecas,Pinos,98936,598 Calle Allende
Canada,Ontario,Central Toronto (Davisville),M4S,198 Oak Street
Canada,Ontario,Downtown Toronto (Rosedale),M4W,628 Oak Street
Mexico,Nayarit,Ruíz,63618,397 Calle Morelos
Canada,Ontario,Trenton,K8V,582 Oak Street
Mexico,Guanajuato,León,37400,241 Calle Hidalgo
Mexico,Jalisco,Zacoalco de Torres,45754,355 Avenida Insurgentes
Canada,British Columbia,Vancouver (West Kensington / NE Riley Park-Little Mountain),V5V,541 Maple Street
Mexico,México,Almoloya de Juárez,50920,315 Avenida Reforma
Mexico,Puebla,Tlatlauquitepec,73903,461 Avenida Universidad
Canada,New Brunswick,Fredericton,E3G,953 Park Avenue
Canada,British Columbia,Castlegar,V1N,444 First Avenue
Canada,Ontario,Renfrew,K7V,640 Park Avenue
Mexico,Nuevo León,San Nicolás de los Garza,66480,761 Avenida Juarez
Mexico,Querétaro,Corregidora,76904,334 Avenida Universidad
Canada,Manitoba,Winnipeg (Chinatown / Civic Centre / Exchange District),R3B,250 River Road
Mexico,México,Luvianos,51456,125 Calle Zaragoza
Mexico,Michoacán de Ocampo,Morelia,58217,794 Avenida Insurgentes
Mexico,Oaxaca,Santo Tomás Mazaltepec,68254,260 Calle Independencia
Mexico,Nuevo León,Galeana,67878,773 Avenida Universidad
Mexico,Baja California,Mexicali,21360,289 Avenida Reforma
Canada,Ontario,Weston,M9N,36 River Road
Canada,Quebec,Sainte-Thérèse-de-Blainville Central,J7E,431 River Road
Canada,British Columbia,Surrey Lower West,V3X,6 Oak Street
Mexico,Sonora,Fronteras,84327,647 Avenida Insurgentes
Canada,Manitoba,Winnipeg (Seven Oaks East),R2V,308 Main Street
Mexico,Oaxaca,Santa Cruz Xoxocotlán,71232,942 Calle Allende
Mexico,Sinaloa,Badiraguato,80610,930 Calle Morelos
Mexico,Nayarit,Del Nayar,63538,858 Avenida Central
Canada,Ontario,Markham Northeast,L6E,847 King Street
Canada,Nova Scotia,Alder Point,B1Y,871 River Road
Canada,Quebec,La Prairie,J5R,656 Queen Street
Canada,Ontario,Chatham Southeast,N7M,885 First Avenue
Mexico,Guanajuato,Guanajuato,36090,266 Avenida Juarez
Canada,Alberta,Whitecourt,T7S,749 King Street
Canada,British Columbia,Delta Southwest,V4M,412 Cedar Road
Mexico,Nuevo León,Guadalupe,67144,334 Avenida Reforma
Canada,New Brunswick,Miramichi South,E1N,553 River Road
Mexico,Querétaro,Corregidora,76923,582 Calle Hidalgo
Mexico,Chihuahua,Guachochi,33195,718 Calle Hidalgo
Mexico,Oaxaca,Villa Sola de Vega,71413,560 Calle Zaragoza
Mexico,Colima,Colima,28035,631 Calle Independencia
Mexico,Chiapas,Cintalapa,30424,178 Calle Allende
Canada,Quebec,Montérégie-Ouest (Saint-Anicet),J0S,5 Main Street
Mexico,Yucatán,Tizimín,97702,316 Avenida Reforma
Canada,Alberta,Edmonton (Central Londonderry),T5C,936 Maple Street
Canada,Alberta,Edmonton (North Westmount / West Calder / East Mistatim),T5L,409 Cedar Road
Canada,Ontario,St. Catharines Northeast,L2M,826 Queen Street
Canada,Alberta,Westlock,T7P,798 Lake Street
Canada,Ontario,Markham Outer Southwest,L3R,329 Park Avenue
Canada,New Brunswick,Sackville,E4L,90 Queen Street
Canada,Quebec,Trois-Rivières West,G9C,103 King Street
Canada,Alberta,Fort McMurray Northwest,T9K,407 Lake Street
Canada,Ontario,Sarnia Southwest,N7T,258 Queen Street
Canada,British Columbia,Salmon Arm,V1E,532 Park Avenue
Canada,Ontario,London (Southcrest / East Westmount / West Highland),N6J,176 Oak Street
Mexico,Durango,Mezquital,34985,644 Calle Hidalgo
Canada,Quebec,Saint-Henri,H4C,348 Cedar Road
Canada,Ontario,Springwater,L9X,394 River Road
Canada,Alberta,Tsuut'ina,T3T 0E5,587 King Street
Canada,New Brunswick,St. Andrews,E5B,856 Main Street
Canada,Nova Scotia,Bedford Northwest,B4B,571 Main Street
Canada,Ontario,Thornhill West,L4J,117 Maple Street
Mexico,Guanajuato,Valle de Santiago,38426,186 Calle Hidalgo
Canada,Ontario,Frontenac County,K0H,468 First Avenue
Mexico,Coahuila de Zaragoza,Villa Unión,26624,406 Calle Allende
Mexico,Michoacán de Ocampo,Morelia,58168,811 Avenida Juarez
Canada,Ontario,Welland East,L3B,123 Park Avenue
Canada,Prince Edward Island,Prince County (Portage),C0B,955 River Road
Mexico,Querétaro,Querétaro,76113,414 Calle Zaragoza
Mexico,Veracruz de Ignacio de la Llave,Boca del Río,94293,552 Calle Morelos
Mexico,Durango,Santiago Papasquiaro,34624,65 Calle Independencia
Canada,Quebec,Saint-Sophie,J5J,212 King Street
Canada,Ontario,Mississauga (Courtney Park / East Gateway),L5T,195 King Street
Mexico,Colima,Colima,28628,581 Avenida Reforma
Mexico,Nuevo León,Montemorelos,67639,519 Avenida Universidad
Canada,Ontario,Wellington (Elora),N0B,501 Maple Street
Canada,Quebec,Côte-des-Neiges East,H3V,920 Park Avenue
Mexico,Chihuahua,Balleza,33577,785 Calle Hidalgo
Canada,Quebec,Westmount East,H3Z,636 Oak Street
Canada,Alberta,Edmonton (Glenora / SW Downtown Fringe),T5N,947 Queen Street
Mexico,Sonora,Guaymas,85448,149 Avenida Insurgentes
Mexico,Guanajuato,Acámbaro,38770,789 Avenida Central
Canada,Quebec,Saint-Lambert South,J4S,619 Oak Street
Mexico,Nuevo León,Salinas Victoria,65536,383 Avenida Insurgentes
Canada,Quebec,Baie-Comeau Southwest,G5C,494 River Road
Canada,Saskatchewan,Saskatoon North,S7P,876 Park Avenue
Mexico,Veracruz de Ignacio de la Llave,Álamo Temapache,92740,299 Calle Independencia
Canada,Alberta,Calgary (Rundle / Whitehorn / Monterey Park),T1Y,944 Main Street
Canada,Ontario,Central Toronto (The Annex / North Midtown / Yorkville),M5R,282 Maple Street
Canada,New Brunswick,Fredericton South New Brunswick Provincial Government,E3B,845 Park Avenue
Mexico,Guanajuato,Santa Cruz de Juventino Rosas,38250,198 Calle Independencia
Canada,New Brunswick,Bathurst,E4A,741 Maple Street
Canada,New Brunswick,Saint John Lakewood,E2N,897 King Street
Mexico,Colima,Cuauhtémoc,28590,321 Calle Zaragoza
Mexico,Durango,Mezquital,34983,797 Avenida Juarez
Mexico,Veracruz de Ignacio de la Llave,Soledad Atzompa,94774,786 Avenida Central
Canada,Manitoba,Eastern Manitoba (Beausejour),R0E,783 Lake Street
Canada,Ontario,Brantford Southwest,N3T,917 First Avenue
Mexico,Chihuahua,Ocampo,33334,239 Avenida Universidad
Mexico,Durango,San Dimas,34673,129 Calle Morelos
Mexico,Veracruz de Ignacio de la Llave,Xalapa,91205,471 Avenida Juarez
Canada,Ontario,Greater Sudbury (Lo-Ellen / McFarlane Lake),P3G,792 King Street
Canada,New Brunswick,Lamèque,E8T,113 Lake Street
Canada,Ontario,North York (York Mills West),M2P,171 First Avenue
Canada,Ontario,Gravenhurst,P1P,7 Queen Street
Mexico,Sonora,Cajeme,85203,319 Avenida Juarez
Mexico,Chihuahua,Chihuahua,31207,396 Avenida Juarez
Canada,Nova Scotia,Fourchu,B2J,788 Queen Street
Mexico,Michoacán de Ocampo,Turicato,61688,826 Calle Morelos
Canada,Ontario,Waterloo Northwest,N2V,614 King Street
Canada,Quebec,Chambly,J3L,921 Main Street
Canada,New Brunswick,Rothesay,E2E,31 Oak Street
Canada,Ontario,Greater Sudbury (Downtown / Minnow Lake),P3B,917 River Road
Canada,Ontario,Downtown Toronto (Commerce Court / Victoria Hotel),M5L,651 Queen Street
Mexico,San Luis Potosí,Guadalcázar,78885,355 Calle Independencia
Canada,British Columbia,North Vancouver Outer East,V7G,192 Lake Street
Canada,Quebec,Côte-Saint-Luc East,H4V,380 Lake Street
Mexico,Puebla,Tepeaca,75219,300 Avenida Central
Mexico,Sinaloa,Sinaloa,81977,155 Avenida Universidad
Mexico,Jalisco,Valle de Juárez,49544,75 Calle Hidalgo
Mexico,Durango,Santiago Papasquiaro,34616,859 Avenida Insurgentes
Canada,Quebec,Gaspésie-Nord (Grande-Vallée),G0E,864 Lake Street
Mexico,Sonora,Caborca,83724,934 Avenida Central
Mexico,Quintana Roo,Othón P. Blanco,77984,962 Avenida Insurgentes
Canada,Saskatchewan,Saskatoon East Central,S7H,114 Maple Street
Canada,Quebec,Rosemont South,H1Y,119 Queen Street
Mexico,Chihuahua,Saucillo,33633,582 Avenida Central
Mexico,Sinaloa,Angostura,81625,100 Calle Zaragoza
Mexico,Veracruz de Ignacio de la Llave,Isla,95652,49 Avenida Juarez
Mexico,Coahuila de Zaragoza,Parras,27996,349 Calle Morelos
Mexico,Chihuahua,Guachochi,33197,425 Avenida Juarez
Mexico,San Luis Potosí,Tamuín,79217,531 Avenida Juarez
Canada,Alberta,Blackfalds,T4M,333 Oak Street
Canada,Quebec,Quebec City Outer North,G2K,666 Queen Street
Mexico,México,Nicolás Romero,54473,660 Avenida Reforma
Mexico,México,Amatepec,51515,433 Avenida Reforma
Mexico,Guanajuato,Apaseo el Grande,38183,530 Calle Morelos
Canada,Ontario,Niagara Falls West,L2H,917 Park Avenue
Mexico,Michoacán de Ocampo,Tangamandapio,59926,798 Calle Zaragoza
Canada,Quebec,Saint-Félicien,G8K,274 Park Avenue
Canada,Ontario,Scarborough (Woburn),M1G,966 Cedar Road
Mexico,San Luis Potosí,Charcas,78570,624 Calle Zaragoza
Canada,Quebec,Saint-Eustache Northeast,J7P,832 Queen Street
Canada,Ontario,Hamilton (Raleigh / Macassa / Lawfield / Thorner / Burkholme / Eastmount),L8V,231 Oak Street
Canada,Ontario,Whitby Central,L1R,483 Park Avenue
Mexico,Morelos,Cuautla,62757,144 Calle Zaragoza
Mexico,Michoacán de Ocampo,Tzitzio,61346,979 Avenida Insurgentes
Canada,Ontario,Windsor (South Walkerville / West Fontainbleu / Walker Farm / Devonshire),N8W,725 Lake Street
Canada,Manitoba,Winnipeg (River Heights West),R3N,946 Park Avenue
Canada,Quebec,Cartierville Southwest,H4K,888 King Street
Canada,Quebec,Notre-Dame-de-Grâce Northeast,H4A,703 Maple Street
Canada,British Columbia,Qualicum Beach,V9K,905 Maple Street
Canada,Ontario,Markham Northwest,L6C,358 Park Avenue
Mexico,Chihuahua,Riva Palacio,31645,720 Avenida Insurgentes
Canada,Ontario,Brampton East,L6T,793 Oak Street
Canada,Northwest Territory,Yellowknife,X1A,573 Cedar Road
Mexico,Coahuila de Zaragoza,Piedras Negras,26060,791 Avenida Insurgentes
Mexico,Jalisco,Tototlán,47730,19 Avenida Reforma
Canada,New Brunswick,Bath,E7J,688 First Avenue
Canada,Ontario,Burlington Southeast,L7R,967 King Street
Mexico,Nuevo León,Apodaca,66637,845 Calle Morelos
Mexico,Chiapas,Simojovel,29824,765 Calle Independencia
Canada,Quebec,Saint-Hyacinthe East,J2T,696 Lake Street
Canada,Ontario,Greater Sudbury (Val Caron),P3N,594 Queen Street
Canada,Ontario,Central Toronto (Lawrence Park East),M4N,503 Oak Street
Mexico,San Luis Potosí,San Ciro de Acosta,79695,698 Calle Morelos
Canada,Quebec,Saint-Cyrille-De-Wendover,J1Z,169 Lake Street
Canada,Quebec,Chicoutimi East,G7H,706 Main Street
Mexico,Guanajuato,Irapuato,36837,417 Avenida Reforma
Canada,Ontario,East Toronto (The Danforth East),M4J,280 First Avenue
Canada,Quebec,Hébertville,G8N,502 Park Avenue
Canada,Newfoundland and Labrador,Goulds,A1S,994 King Street
Canada,Ontario,Aurora,L4G,518 Main Street
Mexico,México,Tultitlán,54949,278 Calle Allende
Canada,Quebec,Saint-Léonard Southeast,H1S,44 Park Avenue
Canada,Quebec,Côte-Saint-Luc East,H4V,832 Cedar Road
Canada,Quebec,Bois-Francs-Nord (Odanak),J0G,739 Queen Street
Mexico,Nayarit,Del Nayar,63533,796 Avenida Juarez
Mexico,Tamaulipas,Victoria,87014,366 Calle Independencia
Mexico,México,Jilotzingo,54570,767 Calle Independencia
Canada,Quebec,Beloeil West,J3G,503 Cedar Road
Mexico,Guerrero,Ahuacuotzingo,41133,795 Avenida Universidad
Canada,Newfoundland and Labrador,Stephenville,A2N,894 Main Street
Canada,Ontario,Kanata (Marchwood),K2T,657 Lake Street
Canada,British Columbia,Vancouver (South Shaughnessy / NW Oakridge / NE Kerrisdale / SE Arbutus Ridge),V6M,546 King Street
Mexico,Oaxaca,Pluma Hidalgo,70964,840 Calle Independencia
Canada,Saskatchewan,Regina West,S4T,624 Park Avenue
Mexico,San Luis Potosí,Ciudad Fernández,79670,450 Avenida Central
Canada,British Columbia,Central Saanich,V8M,399 Park Avenue
Mexico,Chiapas,Villa Corzo,30526,552 Calle Morelos
Canada,Ontario,Nepean (Barrhaven),K2J,819 Queen Street
Canada,Quebec,Montreal North South,H1H,657 King Street
Canada,Nova Scotia,Dartmouth Morris Lake,B2V,605 Lake Street
Mexico,Hidalgo,Nopala de Villagrán,42485,293 Calle Allende
Canada,Quebec,Sainte-Thérèse-de-Blainville South,J7G,192 Park Avenue
Mexico,Nayarit,Acaponeta,63410,689 Avenida Central
Mexico,Hidalgo,Zimapán,42344,164 Avenida Central
Canada,Quebec,Fabreville,H7P,97 Lake Street
Mexico,Durango,San Dimas,34673,152 Calle Independencia
Mexico,Puebla,Tehuacán,75710,157 Avenida Juarez
Canada,Ontario,Burlington South,L7S,914 Maple Street
Mexico,Hidalgo,Zimapán,42353,442 Calle Morelos
Mexico,Distrito Federal,Gustavo A. Madero,07280,354 Avenida Universidad
Canada,Alberta,Calgary (Connaught / West Victoria Park),T2R,703 King Street
Canada,Ontario,Greater Sudbury (Val Caron),P3N,828 Main Street
Mexico,Guanajuato,Cortazar,38496,355 Avenida Insurgentes
Canada,Ontario,Ottawa (West Downtown area),K1R,722 Queen Street
Canada,Nova Scotia,Dartmouth East Central,B2W,678 Queen Street
Mexico,Michoacán de Ocampo,Carácuaro,61926,145 Avenida Juarez
Canada,British Columbia,Prince George East Central,V2L,793 King Street
Mexico,Durango,Súchil,34927,780 Calle Morelos
Mexico,Nayarit,La Yesca,63596,852 Avenida Insurgentes
Mexico,Tabasco,Jonuta,86783,836 Calle Hidalgo
Mexico,Nayarit,Tepic,63129,239 Calle Allende
Canada,Quebec,Mascouche Central,J7L,162 Maple Street
Canada,Nova Scotia,Dartmouth South Central,B2Y,304 Park Avenue
Mexico,Coahuila de Zaragoza,Allende,26570,51 Calle Morelos
Mexico,Oaxaca,Santa María Atzompa,71223,252 Avenida Insurgentes
Mexico,Campeche,Carmen,24110,527 Calle Zaragoza
Canada,Ontario,Grimsby,L3M,830 Queen Street
Mexico,México,Luvianos,51443,929 Calle Hidalgo
Mexico,Sinaloa,San Ignacio,82918,617 Calle Independencia
Canada,Newfoundland and Labrador,Mount Pearl,A1N,873 Cedar Road
Mexico,San Luis Potosí,Tampacán,79940,292 Calle Hidalgo
Mexico,Guanajuato,Uriangato,38983,204 Avenida Juarez
Mexico,Nuevo León,Guadalupe,67180,436 Calle Zaragoza
Mexico,México,Villa del Carbón,54325,172 Avenida Juarez
Mexico,Chiapas,Huixtla,30644,504 Avenida Central
Mexico,Nuevo León,Linares,67780,978 Avenida Juarez
Canada,Ontario,Elgin (Dorchester),N0L,550 King Street
Canada,Ontario,Downtown Toronto (Toronto Dominion Centre / Design Exchange),M5K,755 Oak Street
Canada,Ontario,Pickering Central,L1X,15 Maple Street
Mexico,Sonora,Hermosillo,83330,517 Calle Zaragoza
Canada,Quebec,Montérégie-Est (Bedford),J0J,591 Lake Street
Mexico,Sonora,Magdalena,84173,442 Calle Allende
Mexico,Michoacán de Ocampo,Aquila,60885,997 Calle Hidalgo
Canada,Quebec,Buckingham,J8L,419 First Avenue
Mexico,Michoacán de Ocampo,Chinicuila,60823,893 Calle Independencia
Canada,Quebec,Lanaudière-Sud (Prévost),J0R,19 Queen Street
Canada,Quebec,Bas-St-Laurent-Est (Sainte-Luce),G0K,921 First Avenue
Mexico,Chiapas,Villaflores,30491,714 Calle Allende
Mexico,Hidalgo,Ixmiquilpan,42306,530 Avenida Universidad
Mexico,Puebla,Tehuacán,75770,875 Calle Independencia
Canada,Ontario,Brantford Central,N3R,759 King Street
Canada,British Columbia,Chilcotin (Alexis Creek),V0L,152 Main Street
Canada,Ontario,East Toronto (The Danforth East),M4J,394 Park Avenue
Canada,British Columbia,Highlands,V9B,607 First Avenue
Mexico,Zacatecas,Zacatecas,98085,826 Avenida Juarez
Canada,Quebec,Varennes,J3X,366 Cedar Road
Mexico,Guanajuato,Moroleón,38990,485 Calle Zaragoza
Canada,Ontario,Port Colborne,L3K,622 First Avenue
Mexico,Oaxaca,Heroica Ciudad de Tlaxiaco,69806,825 Calle Zaragoza
Mexico,Sinaloa,Sinaloa,81910,184 Calle Allende
Canada,British Columbia,Surrey Lower West,V3X,448 King Street
Canada,Quebec,Degelis,G5T,687 Park Avenue
Canada,Quebec,Sainte-Thérèse-de-Blainville Central,J7E,139 Queen Street
Mexico,Veracruz de Ignacio de la Llave,Chontla,92220,29 Avenida Central
Mexico,Jalisco,San Pedro Tlaquepaque,45638,373 Calle Zaragoza
Mexico,Chihuahua,Riva Palacio,31644,208 Avenida Universidad
Mexico,Sonora,Hermosillo,83100,242 Avenida Insurgentes
Canada,Nova Scotia,Tantallon,B3Z,109 Cedar Road
Mexico,Puebla,Teziutlán,73820,591 Calle Hidalgo
Mexico,Sonora,Hermosillo,83313,331 Avenida Reforma
Canada,Ontario,Ottawa (Riverview / Hawthorne),K1G,929 First Avenue
Mexico,Chiapas,Ostuacán,29550,640 Avenida Insurgentes
Canada,Newfoundland and Labrador,Central Labrador (Happy Valley-Goose Bay),A0P,251 King Street
Canada,New Brunswick,Lamèque,E8T,40 Queen Street
Canada,New Brunswick,Kingston,E5S,635 Cedar Road
Canada,Quebec,Trois-Rivières Central,G8Y,357 Main Street
Mexico,Puebla,Amozoc,72994,545 Calle Independencia
Canada,New Brunswick,Grand Falls Central,E3Z,730 Oak Street
Mexico,Sinaloa,Culiacán,80058,756 Avenida Juarez
Mexico,Durango,Indé,35524,532 Avenida Juarez
Canada,Quebec,Degelis,G5T,570 First Avenue
Canada,New Brunswick,Florenceville,E7L,446 Park Avenue
Mexico,Sinaloa,Culiacán,80100,639 Avenida Reforma
Canada,Manitoba,Winnipeg (Point Douglas West / Inkster East),R2X,783 Queen Street
Canada,Ontario,Scarborough (Agincourt),M1S,999 Oak Street
Canada,Ontario,North Bay Central,P1B,910 Maple Street
Canada,New Brunswick,St. George,E5C,855 River Road
Mexico,Sinaloa,Culiacán,80177,363 Avenida Juarez
Canada,Quebec,Rivière-des-Prairies Northeast,H1C,394 First Avenue
Mexico,Durango,Tamazula,34594,285 Avenida Insurgentes
Canada,Ontario,North York (Humber Summit),M9L,721 Park Avenue
Canada,British Columbia,Vancouver (Killarney),V5S,101 Cedar Road
Canada,New Brunswick,Saint-Isidore,E8M,671 King Street
Mexico,Oaxaca,Oaxaca de Juárez,68278,665 Avenida Juarez
Canada,British Columbia,Vancouver (North West End / Stanley Park),V6G,228 King Street
Mexico,Sonora,Cajeme,85019,800 Avenida Universidad
Mexico,México,Otumba,55926,833 Avenida Universidad
Canada,British Columbia,Central Saanich,V8M,931 Maple Street
Canada,Alberta,North Central Alberta (Slave Lake),T0G,918 Park Avenue
Canada,New Brunswick,Perth-Andover,E7H,930 King Street
Mexico,Jalisco,Puerto Vallarta,48280,22 Calle Hidalgo
Mexico,Puebla,San Andrés Cholula,72814,89 Calle Morelos
Mexico,Durango,Durango,34304,337 Calle Zaragoza
Canada,Quebec,Chatham,J8G,625 Maple Street
Canada,Ontario,Central Toronto (Forest Hill North & West),M5P,939 King Street
Canada,Ontario,Grimsby,L3M,477 First Avenue
Canada,Quebec,Rimouski Central,G5L,490 Maple Street
Mexico,Veracruz de Ignacio de la Llave,Jáltipan,96220,911 Avenida Universidad
Mexico,Michoacán de Ocampo,Los Reyes,60370,227 Avenida Reforma
Canada,British Columbia,Pitt Meadows,V3Y 0H2,803 First Avenue
Mexico,Veracruz de Ignacio de la Llave,Tezonapa,95093,112 Calle Independencia
Mexico,Coahuila de Zaragoza,Francisco I. Madero,27913,546 Avenida Insurgentes
Canada,Quebec,Chelsea,J9B,510 Oak Street
Mexico,Sonora,Hermosillo,83165,178 Calle Morelos
Canada,Quebec,Saint-Henri,H4C,153 First Avenue
Mexico,Tamaulipas,Palmillas,87974,708 Avenida Central
Mexico,Michoacán de Ocampo,Tzitzio,61364,959 Avenida Reforma
Mexico,Puebla,Huauchinango,73172,665 Avenida Juarez
Canada,Ontario,Milton,L9E,587 River Road
Canada,Ontario,Downtown Toronto (CN Tower / King and Spadina / Railway Lands / Harbourfront West / Bathurst Quay / South Niagara / YTZ),M5V,574 Park Avenue
Mexico,Veracruz de Ignacio de la Llave,Tierra Blanca,95190,481 Avenida Juarez
Mexico,Guanajuato,Salamanca,36749,825 Calle Morelos
Canada,Quebec,Loretteville North,G2A,153 King Street
Canada,Manitoba,Winnipeg (Inkster West),R2R,561 Oak Street
Mexico,Guanajuato,Valle de Santiago,38426,696 Calle Allende
Canada,British Columbia,Vancouver (North Hastings-Sunrise),V5K,144 Queen Street
Mexico,Tabasco,Centla,86752,815 Avenida Insurgentes
Mexico,Chihuahua,Meoqui,33130,752 Calle Hidalgo
Canada,Ontario,Guelph Central,N1G,735 Oak Street
Canada,Alberta,Edmonton (West University / Strathcona Place),T6G,861 Maple Street
Canada,Quebec,Saint-Lin-Laurentides,J5M,801 Cedar Road
Mexico,Chihuahua,Chihuahua,31134,993 Calle Morelos
Mexico,Guanajuato,Valle de Santiago,38464,6 Calle Zaragoza
Mexico,Guanajuato,León,37295,805 Calle Zaragoza
Canada,Ontario,Oakville Northeast,L6J,477 Park Avenue
Canada,Ontario,Etobicoke (Kingsview Village / St. Phillips / Martin Grove Gardens / Richview Gardens),M9R,270 Park Avenue
Canada,Ontario,Windsor (South Walkerville / West Fontainbleu / Walker Farm / Devonshire),N8W,929 River Road
Canada,Ontario,Welland West,L3C,793 River Road
Mexico,Veracruz de Ignacio de la Llave,Santiago Tuxtla,95835,297 Avenida Universidad
Canada,British Columbia,Nanaimo Northwest,V9V,378 Cedar Road
Canada,Ontario,Richmond Hill North,L4E,13 Lake Street
Canada,New Brunswick,Saint John North,E2K,169 Queen Street
Mexico,Jalisco,Villa Guerrero,46127,841 Avenida Reforma
Canada,Alberta,Edmonton (North Downtown),T5J,612 King Street
Canada,Nova Scotia,Eastern Passage,B3G,241 Queen Street
Mexico,Chihuahua,Guachochi,33186,560 Calle Independencia
Canada,Nova Scotia,New Waterford,B1H,596 Maple Street
Canada,Ontario,Maple,L6A,538 First Avenue
Mexico,Chihuahua,Delicias,33115,547 Calle Allende
Mexico,Oaxaca,Chalcatongo de Hidalgo,71106,999 Avenida Insurgentes
Mexico,Yucatán,Mérida,97269,22 Avenida Juarez
Canada,Ontario,London (Fanshawe / Stoneybrook / Stoney Creek / Uplands / East Masonville),N5X,843 Park Avenue
Mexico,Baja California,Tijuana,22470,715 Avenida Juarez
Canada,Ontario,Oshawa Central,L1G,804 Park Avenue
Canada,British Columbia,Similkameen (Hope),V0X,582 Oak Street
Canada,Quebec,Mercier Southeast,H1N,795 Park Avenue
Canada,Quebec,Sherbrooke Central,J1H,547 Lake Street
Canada,Ontario,Essex (Belle River),N0R,921 First Avenue
Mexico,Guanajuato,Acámbaro,38733,706 Calle Morelos
Canada,New Brunswick,Canterbury,E6H,542 King Street
Canada,British Columbia,Langley Township Southwest,V2Z,823 Park Avenue
Mexico,Durango,San Juan del Río,34488,930 Calle Independencia
Mexico,Puebla,Pantepec,73023,190 Calle Allende
Mexico,Distrito Federal,Iztapalapa,09860,114 Avenida Central
Mexico,San Luis Potosí,Mexquitic de Carmona,78460,864 Avenida Universidad
Canada,Ontario,Ottawa (Queensway / Copeland / Carlington / Carleton Heights),K2C,523 Lake Street
Canada,Ontario,Ottawa (Highland Park / Carlingwood),K2A,342 Queen Street
Mexico,Aguascalientes,Aguascalientes,20384,148 Avenida Juarez
Mexico,Chiapas,La Concordia,30363,650 Avenida Juarez
Canada,Quebec,Quebec City North Central,G1M,994 First Avenue
Mexico,Coahuila de Zaragoza,Guerrero,26650,775 Avenida Universidad
Mexico,Guerrero,Juchitán,41926,559 Avenida Insurgentes
Canada,Ontario,London West (Central Hyde Park / Oakridge),N6H,591 Park Avenue
Mexico,Coahuila de Zaragoza,Saltillo,25084,241 Calle Allende
Mexico,Chiapas,Cintalapa,30415,333 Avenida Juarez
Mexico,Michoacán de Ocampo,Lázaro Cárdenas,60994,750 Avenida Central
Mexico,Nuevo León,Juárez,67287,910 Avenida Universidad
Canada,Quebec,Quebec City Northwest,G2C,517 Main Street
Canada,Quebec,Ahuntsic Southwest,H3L,529 Cedar Road
Canada,Prince Edward Island,Montague,C0A,477 Main Street
Mexico,Guanajuato,Irapuato,36615,636 Avenida Central
Canada,Nunavut Territory,Inner Nunavut (Rankin Inlet),X0C,4 King Street
Canada,British Columbia,Vancouver (Bentall Centre),V7X,128 First Avenue
Mexico,Nayarit,Santiago Ixcuintla,63565,591 Avenida Central
Canada,British Columbia,Abbotsford Southwest,V2T,235 Park Avenue
Canada,Quebec,Sainte-Rose,H7L,927 Cedar Road
Canada,Quebec,Saint-Hubert Central,J3Y,346 Oak Street
Canada,Quebec,Sainte-Foy Southeast,G1W,350 First Avenue
Canada,Ontario,Scarborough (Cedarbrae),M1H,12 Park Avenue
Canada,Ontario,Etobicoke (The Kingsway / Montgomery Road / Old Mill North),M8X,662 Park Avenue
Canada,Quebec,Ahuntsic Southwest,H3L,382 Queen Street
Mexico,Oaxaca,Oaxaca de Juárez,68157,112 Calle Zaragoza
Mexico,Colima,Manzanillo,28863,257 Calle Morelos
Mexico,Nuevo León,Juárez,67259,561 Calle Independencia
Mexico,Yucatán,Mérida,97218,279 Calle Zaragoza
Canada,Nova Scotia,Big Bras d'Or,B1X,496 Queen Street
Canada,Ontario,Etobicoke (South Steeles / Silverstone / Humbergate / Jamestown / Mount Olive / Beaumond Heights / Thistletown / Albion Gardens),M9V,626 Lake Street
Mexico,Sinaloa,Escuinapa,82585,483 Calle Morelos
Mexico,Morelos,Cuernavaca,62326,697 Calle Hidalgo
Mexico,Nuevo León,Guadalupe,67183,241 Avenida Insurgentes
Canada,British Columbia,Chilcotin (Alexis Creek),V0L,853 Queen Street
Canada,British Columbia,Burnaby (Suncrest / Sussex-Nelson / Clinton-Glenwood / West Big Bend),V5J,967 Maple Street
Canada,Nova Scotia,Port Morien,B1B,259 Park Avenue
Mexico,Puebla,Zacatlán,73310,218 Calle Hidalgo
Mexico,Coahuila de Zaragoza,Saltillo,25307,416 Avenida Reforma
Mexico,Guanajuato,Irapuato,36593,645 Calle Hidalgo
Canada,Ontario,Peterborough County and North Hastings County (Lakefield),K0L,688 Main Street
Mexico,Michoacán de Ocampo,Huetamo,61940,421 Calle Allende
Canada,Saskatchewan,Saskatoon Northwest,S7R,301 River Road
Canada,Newfoundland and Labrador,Northwest Newfoundland/Eastern Labrador (Mary's Harbour),A0K,589 First Avenue
Canada,Ontario,Windsor (University / South Cameron),N9B,280 Lake Street
Canada,Quebec,Sherbrooke Southeast,J1M,314 Queen Street
Canada,Ontario,Petawawa,K8H,109 Main Street
Mexico,Nayarit,Tepic,63170,214 Avenida Juarez
Canada,Ontario,Rockland,K4K,296 Park Avenue
Mexico,San Luis Potosí,San Luis Potosí,78136,536 Avenida Juarez
Canada,Alberta,Red Deer South,T4R,154 Lake Street
Mexico,Campeche,Campeche,24038,142 Calle Morelos
Canada,Saskatchewan,Regina Northeast and East Central,S4N,390 Maple Street
Canada,Alberta,Edmonton (Central Londonderry),T5C,337 Queen Street
Canada,Quebec,Fabreville,H7P,385 Park Avenue
Mexico,Chiapas,Cintalapa,30406,590 Calle Independencia
Mexico,Campeche,Champotón,24414,562 Avenida Juarez
Canada,Ontario,Scarborough (Clarks Corners / Tam O'Shanter / Sullivan),M1T,745 Cedar Road
Canada,Quebec,Châteauguay North,J6J,6 River Road
Canada,Nova Scotia,Bedford Southeast,B4A,170 King Street
Canada,Ontario,Nipissing Central (Burk's Falls),P0A,434 Maple Street
Canada,Alberta,Rocky View,T1Z,635 Oak Street
Mexico,San Luis Potosí,Cárdenas,79394,67 Avenida Universidad
Canada,Ontario,Orangeville North,L9V,27 River Road
Mexico,Guanajuato,León,37564,832 Calle Hidalgo
Canada,Ontario,London (Fanshawe / Stoneybrook / Stoney Creek / Uplands / East Masonville),N5X,84 Cedar Road
Mexico,Colima,Manzanillo,28864,264 Avenida Insurgentes
Canada,British Columbia,Saanich South,V8X,135 Queen Street
Canada,Ontario,Mississauga (Lisgar / Meadowvale),L5N,279 Queen Street
Mexico,Chiapas,Villaflores,30479,884 Calle Morelos
Canada,Ontario,Government of Canada Ottawa and Gatineau offices,K1A,126 Lake Street
Mexico,Jalisco,Mezquitic,46050,702 Calle Zaragoza
Canada,British Columbia,Prince Rupert,V8J,443 First Avenue
Mexico,Distrito Federal,Álvaro Obregón,01100,765 Avenida Central
Mexico,Sonora,Cajeme,85218,475 Calle Zaragoza
Canada,Ontario,Sioux Lookout,P8T,37 Park Avenue
Mexico,Sinaloa,Sinaloa,81960,381 Calle Independencia
Mexico,Guanajuato,Santiago Maravatío,38977,561 Calle Zaragoza
Canada,Quebec,Laurentides-Nord (Montcalm),J0T,419 Cedar Road
Mexico,Durango,Tamazula,34570,302 Avenida Central
Mexico,Baja California,Mexicali,21139,963 Calle Independencia
Mexico,Hidalgo,Tulancingo de Bravo,43700,875 Calle Hidalgo
Mexico,Chihuahua,Balleza,33564,154 Calle Hidalgo
Mexico,Coahuila de Zaragoza,Matamoros,27478,175 Avenida Juarez
Mexico,Durango,Santa Clara,35896,336 Calle Hidalgo
Mexico,Oaxaca,San Carlos Yautepec,70513,957 Calle Hidalgo
Mexico,Oaxaca,Matías Romero Avendaño,70327,443 Calle Morelos
Mexico,Veracruz de Ignacio de la Llave,Ozuluama de Mascareñas,92080,715 Avenida Central
Canada,Ontario,Port Colborne,L3K,674 Lake Street
Mexico,Veracruz de Ignacio de la Llave,Vega de Alatorre,93980,926 Avenida Juarez
Mexico,Chiapas,Palenque,29960,960 Calle Allende
Canada,Quebec,Coaticook,J1A,755 River Road
Mexico,Jalisco,Tonalá,45408,346 Avenida Central
Canada,Ontario,Scarborough (Eglinton),M1J,151 Queen Street
Mexico,Colima,Manzanillo,28219,555 Avenida Central
Canada,Quebec,Saint-Eustache Northeast,J7P,245 Oak Street
Canada,Ontario,Napanee,K7R,875 King Street
Canada,Ontario,Ottawa (The Glebe / Ottawa South / Ottawa East),K1S,438 Park Avenue
Mexico,Tabasco,Nacajuca,86237,501 Calle Allende
Mexico,Hidalgo,Tecozautla,42443,944 Calle Zaragoza
Mexico,Chihuahua,Juárez,32573,89 Calle Zaragoza
Canada,British Columbia,Courtenay Northern Outskirts,V9J,904 Maple Street
Mexico,Chiapas,Cintalapa,30407,584 Calle Independencia
Canada,Saskatchewan,Meadow Lake,S9X,20 Cedar Road
Canada,Quebec,Sainte-Thérèse-de-Blainville North,J7B,999 Park Avenue
Mexico,Chiapas,Soyaló,29782,763 Calle Independencia
Canada,Quebec,Rimouski Southwest,G5N,513 Maple Street
Mexico,Hidalgo,San Agustín Tlaxiaca,42163,740 Calle Hidalgo
Mexico,Guerrero,Coahuayutla de José María Izazaga,40870,517 Calle Morelos
Canada,Quebec,Terrebonne Northwest,J6X,495 King Street
Canada,Ontario,Sarnia Southwest,N7T,589 Park Avenue
Canada,British Columbia,Lower Skeena (Port Edward),V0V,302 First Avenue
Canada,Ontario,Downtown Toronto (St. James Town / Cabbagetown),M4X,670 Maple Street
Mexico,Hidalgo,Mineral del Chico,42122,228 Avenida Central
Canada,Quebec,Saint-Laurent Outer Northeast,H4N,907 Oak Street
Canada,Ontario,Thunder Bay Central,P7C,30 River Road
Mexico,Chihuahua,Guachochi,33196,690 Calle Hidalgo
Canada,Newfoundland and Labrador,Goulds,A1S,129 Oak Street
Mexico,Veracruz de Ignacio de la Llave,Hueyapan de Ocampo,95862,869 Avenida Universidad
Canada,Ontario,Sarnia Central,N7S,549 Queen Street
Mexico,Chiapas,Copainalá,29636,291 Calle Independencia
Mexico,Oaxaca,Santiago Ixtayutla,71733,339 Calle Allende
Canada,Ontario,Belleville East,K8N,139 Queen Street
Canada,Quebec,Louiseville,J5V,760 Lake Street
Mexico,Sonora,Cajeme,85218,420 Calle Zaragoza
Mexico,Chihuahua,Balleza,33577,35 Avenida Insurgentes
Canada,Manitoba,Winnipeg (St. James-Assiniboia NW),R2Y,445 First Avenue
Mexico,Sonora,Cajeme,85203,365 Calle Allende
Mexico,Tamaulipas,Altamira,89607,905 Calle Independencia
Mexico,Jalisco,San Pedro Tlaquepaque,45607,285 Calle Hidalgo
Canada,Nunavut Territory,Outer Nunavut (Iqaluit),X0A,469 Main Street
Mexico,Chihuahua,Ocampo,33326,385 Avenida Insurgentes
Mexico,Veracruz de Ignacio de la Llave,Córdoba,94542,63 Calle Independencia
Canada,Manitoba,Brandon Southwest,R7B,337 Lake Street
Mexico,Hidalgo,Acaxochitlán,43725,809 Avenida Insurgentes
Canada,Alberta,Lethbridge West and Central,T1J,332 Oak Street
Canada,Ontario,Listowel,N4W,700 Park Avenue
Mexico,Sonora,Empalme,85524,91 Avenida Reforma
Canada,Ontario,Barrie,L9J,168 King Street
Canada,Nova Scotia,North Victoria County (Dingwall),B0C,540 Queen Street
Canada,Ontario,Fort Erie,L2A,862 Cedar Road
Mexico,México,Ixtapaluca,56588,959 Avenida Central
Mexico,Jalisco,Villa Guerrero,46110,444 Calle Hidalgo
Mexico,Oaxaca,Ayoquezco de Aldama,71355,581 Avenida Universidad
Canada,Quebec,Saint-Eustache Southwest,J7R,516 Lake Street
Mexico,Guerrero,Arcelia,40511,821 Calle Zaragoza
Canada,New Brunswick,Deer Island,E5V,495 Main Street
Canada,Ontario,Windsor (Roseland),N9G,62 River Road
Mexico,Coahuila de Zaragoza,Zaragoza,26460,589 Avenida Insurgentes
Mexico,San Luis Potosí,San Luis Potosí,78320,790 Calle Zaragoza
Mexico,Tamaulipas,Río Bravo,88813,941 Avenida Reforma
Canada,Manitoba,Winnipeg (River Heights East),R3L,906 First Avenue
Canada,Saskatchewan,Northwestern Saskatchewan (Battleford),S0M,311 Main Street
Mexico,Michoacán de Ocampo,Morelia,58090,453 Avenida Juarez
Canada,Quebec,Ahuntsic Southwest,H3L,362 Lake Street
Mexico,Morelos,Miacatlán,62608,719 Calle Allende
Canada,Manitoba,West St. Paul,R4A,110 Main Street
Mexico,Jalisco,Zapopan,45120,950 Calle Hidalgo
Mexico,México,Ixtapaluca,56530,375 Avenida Insurgentes
Canada,Northwest Territory,Yellowknife,X1A,632 Park Avenue
Canada,New Brunswick,Youngs Cove,E4C,626 First Avenue
Canada,New Brunswick,Saint John Loch Lomond,E2S,739 Cedar Road
Canada,Manitoba,Winnipeg (River East Central),R2K,922 Cedar Road
Canada,Ontario,Queen's Park Ontario Provincial Government,M7A,395 Main Street
Canada,Ontario,Peterborough (Fairbairn Meadows / Jackson Heights),K9K,964 Park Avenue
Canada,Quebec,Villeray West,H2P,47 River Road
Canada,Alberta,Westlock,T7P,97 Cedar Road
Canada,Ontario,Elliot Lake,P5A,196 Oak Street
Canada,Newfoundland and Labrador,Windsor,A2B,61 Maple Street
Mexico,Guerrero,Coahuayutla de José María Izazaga,40870,644 Avenida Central
Canada,Manitoba,Lorette,R5K,169 Maple Street
Canada,Manitoba,Dauphin,R7N,378 Main Street
Mexico,Guanajuato,Guanajuato,36259,55 Calle Independencia
Mexico,Durango,Topia,34544,131 Calle Morelos
Mexico,Nuevo León,San Pedro Garza García,66224,179 Avenida Juarez
Canada,Quebec,Cartierville Northeast,H3M,730 Park Avenue
Mexico,Durango,Guanaceví,35433,729 Calle Zaragoza
Mexico,San Luis Potosí,Soledad de Graciano Sánchez,78434,269 Avenida Juarez
Canada,Ontario,East York (Thorncliffe Park),M4H,483 Main Street
Mexico,San Luis Potosí,Axtla de Terrazas,79933,86 Calle Zaragoza
Mexico,Oaxaca,Heroica Ciudad de Huajuapan de León,69009,48 Avenida Universidad
Canada,Nova Scotia,West Annapolis County (Middleton),B0S,367 Park Avenue
Canada,Quebec,Trois-Rivières East,G9A,938 Cedar Road
Canada,Quebec,Trois-Rivières South,G9B,954 Lake Street
Canada,Quebec,L'Erable (Nantes),G0Y,278 Main Street
Canada,Newfoundland and Labrador,St. John's North Central,A1C,582 Maple Street
Mexico,Chihuahua,Riva Palacio,31646,585 Calle Independencia
Mexico,Sinaloa,Culiacán,80150,809 Avenida Central
Canada,Alberta,Blackfalds,T4M,514 Main Street
Canada,Quebec,Pointe-Aux-Trembles,H1A,178 Lake Street
Canada,British Columbia,Vancouver (South Hastings-Sunrise / North Renfrew-Collingwood),V5M,728 Maple Street
Canada,Ontario,Cambridge South,N1P,183 Lake Street
Canada,Quebec,Saint-Ambroise,G7P,5 King Street
Canada,Quebec,Pointe-Saint-Charles,H3K,537 Lake Street
Mexico,Aguascalientes,Pabellón de Arteaga,20676,277 Avenida Central
Canada,Quebec,Lavaltrie,J5T,486 Cedar Road
Mexico,Chihuahua,Hidalgo del Parral,33913,581 Calle Morelos
Mexico,Puebla,Puebla,72570,243 Calle Hidalgo
Mexico,Tamaulipas,Matamoros,87470,98 Calle Allende
Canada,Ontario,Mississauga (Malton),L4T,397 Main Street
Mexico,Aguascalientes,Rincón de Romos,20406,371 Avenida Central
Mexico,Querétaro,Querétaro,76147,491 Calle Independencia
Canada,New Brunswick,Fredericton Southwest,E3C,762 River Road
Mexico,Jalisco,Guadalajara,44890,681 Calle Allende
Canada,Nova Scotia,Loch Lomond,B2E,905 King Street
Canada,Ontario,Parry Sound North Shore (Nobel),P0G,847 King Street
Mexico,Campeche,Campeche,24060,410 Avenida Reforma
Canada,Alberta,Blackfalds,T4M,680 Lake Street
Canada,British Columbia,Vancouver (SE Kensington / Victoria-Fraserview),V5P,932 King Street
Mexico,Nuevo León,Salinas Victoria,65504,851 Avenida Central
Mexico,Oaxaca,Oaxaca de Juárez,68125,863 Avenida Juarez
Mexico,San Luis Potosí,San Luis Potosí,78143,673 Avenida Juarez
Mexico,Veracruz de Ignacio de la Llave,Papantla,93489,751 Avenida Central
Canada,New Brunswick,Lepreau,E5J,805 Maple Street
Mexico,México,Tlalmanalco,56731,269 Avenida Central
Canada,Saskatchewan,North Battleford,S9A,96 Cedar Road
Mexico,Chiapas,Tapachula,30826,729 Calle Allende
Mexico,Nayarit,Tepic,63518,893 Avenida Universidad
Canada,Ontario,Elizabethtown,K6T,883 Oak Street
Canada,Quebec,Thetford Mines,G6G,274 Main Street
Canada,Ontario,Hamilton (East Albion Falls / South Stoney Creek),L8J,800 Maple Street
Canada,New Brunswick,Minto,E4B,331 Oak Street
Canada,British Columbia,Vancouver (East Mount Pleasant),V5T,291 Main Street
Mexico,Veracruz de Ignacio de la Llave,Perote,91276,462 Avenida Central
Mexico,Chihuahua,Juárez,32668,868 Calle Zaragoza
Mexico,Querétaro,Querétaro,76087,179 Calle Zaragoza
Mexico,Chiapas,Motozintla,30919,334 Calle Zaragoza
Mexico,Tamaulipas,Matamoros,87557,458 Calle Hidalgo
Mexico,Puebla,Lafragua,75069,837 Avenida Universidad
Canada,Quebec,Saint-Jean-sur-Richelieu Central,J3B,718 Oak Street
Canada,Quebec,Saint-Colomban,J5K,517 Park Avenue
Mexico,Durango,Nuevo Ideal,34424,851 Calle Zaragoza
Canada,Newfoundland and Labrador,St. John's Northwest Newfoundland & Labrador Provincial Government,A1B,469 Oak Street
Canada,Nova Scotia,Canso region (Havre Boucher),B0H,44 Maple Street
Canada,British Columbia,Campbell River Outskirts,V9H,400 River Road
Mexico,Hidalgo,Pachuca de Soto,42030,812 Calle Morelos
Canada,British Columbia,Chilliwack East,V4Z,225 Oak Street
Mexico,Veracruz de Ignacio de la Llave,Minatitlán,96907,871 Avenida Reforma
Mexico,Nuevo León,Guadalupe,67117,763 Avenida Insurgentes
Canada,Quebec,Jean-Talon Southeast,G1G,110 King Street
Canada,Alberta,Fort Saskatchewan,T8L,703 First Avenue
Mexico,Sonora,Imuris,84126,949 Avenida Central
Mexico,San Luis Potosí,Rioverde,79646,95 Calle Independencia
Mexico,Guerrero,Acapulco de Juárez,39422,585 Calle Allende
Canada,British Columbia,Similkameen (Hope),V0X,718 Main Street
Canada,Ontario,Kitchener Southwest,N2E,902 Oak Street
Canada,Quebec,Drummondville South,J2B,668 Main Street
Canada,British Columbia,Qualicum Beach,V9K,936 Main Street
Canada,Ontario,Greater Sudbury (Val Caron),P3N,741 Main Street
Canada,New Brunswick,Bathurst,E4A,340 Queen Street
Mexico,Michoacán de Ocampo,Huaniqueo,58363,56 Calle Independencia
Canada,British Columbia,Coquitlam South,V3K,890 Cedar Road
Canada,New Brunswick,Millville,E6E,465 Oak Street
Mexico,Jalisco,Atotonilco el Alto,47764,321 Avenida Insurgentes
Mexico,Tabasco,Cárdenas,86495,110 Calle Zaragoza
Mexico,San Luis Potosí,Cedral,78530,429 Calle Morelos
Canada,Quebec,Tour de la Bourse,H4Z,516 Main Street
Mexico,Sonora,Guaymas,85440,201 Avenida Central
Canada,Newfoundland and Labrador,St. John's Southwest,A1H,56 Oak Street
Canada,Ontario,Perth,K7H,963 Oak Street
Mexico,Guanajuato,Irapuato,36593,879 Calle Zaragoza
Canada,Quebec,Sainte-Thérèse-de-Blainville Northeast,J6Z,997 Maple Street
Canada,British Columbia,Pitt Meadows,V3Y,939 Maple Street
Canada,Manitoba,Flin Flon,R8A,512 First Avenue
Canada,Quebec,Salaberry-de-Valleyfield North,J6S,390 River Road
Canada,Quebec,Saint-Redempteur,G6K,531 Oak Street
Canada,Ontario,Brampton Central,L6V,202 Park Avenue
Mexico,Querétaro,San Juan del Río,76807,399 Calle Hidalgo
Mexico,Sinaloa,Culiacán,80058,237 Calle Morelos
Canada,British Columbia,Castlegar,V1N,166 Park Avenue
Mexico,Tamaulipas,Altamira,89606,557 Avenida Universidad
Canada,Ontario,Timiskaming North (Iroquois Falls A),P0K,345 Lake Street
Mexico,Aguascalientes,Aguascalientes,20326,651 Avenida Reforma
Mexico,Chihuahua,Guadalupe y Calvo,33494,489 Calle Zaragoza
Mexico,Chihuahua,Rosales,33123,219 Avenida Reforma
Canada,Ontario,Mississauga (West Cooksville / Fairview / City Centre / East Creditview),L5B,826 Oak Street
Canada,New Brunswick,Saint John Loch Lomond,E2S,255 Oak Street
Canada,Ontario,Ottawa (Parliament Hill),K1P,634 Park Avenue
Mexico,Durango,Topia,34563,944 Avenida Reforma
Mexico,Durango,San Dimas,34674,776 Calle Independencia
Mexico,Querétaro,Corregidora,76904,89 Avenida Reforma
Canada,Ontario,Downsview East (CFB Toronto),M3K,508 Lake Street
Canada,Nova Scotia,Alder Point,B1Y,953 Main Street
Mexico,Durango,Gómez Palacio,35113,2 Avenida Universidad
Mexico,Sinaloa,Mazatlán,82170,492 Avenida Central
Mexico,Guerrero,Atoyac de Álvarez,40930,663 Avenida Universidad
Canada,New Brunswick,Bath,E7J,858 First Avenue
Mexico,México,Atizapán,52506,17 Avenida Insurgentes
Mexico,Chiapas,Simojovel,29826,601 Calle Morelos
Canada,Quebec,Pointe-Claire,H9R,811 Oak Street
Mexico,Morelos,Tlaltizapán de Zapata,62777,184 Avenida Juarez
Mexico,Jalisco,Zapopan,45130,888 Avenida Central
Canada,New Brunswick,Minto,E4B,246 River Road
Mexico,Zacatecas,Río Grande,98416,167 Calle Zaragoza
Canada,Alberta,Wainwright Region (Tofield),T0B,699 Main Street
Canada,Ontario,Cambridge Northeast,N3C,600 Maple Street
Canada,Quebec,Manicouagan (Baie-Trinité),G0H,298 Main Street
Canada,Ontario,Scarborough (Steeles West / L'Amoreaux West),M1W,8 Maple Street
Mexico,Michoacán de Ocampo,Aquila,60896,95 Calle Zaragoza
Canada,Manitoba,Eastern Manitoba (Beausejour),R0E,325 Cedar Road
Mexico,Durango,Tamazula,34575,340 Avenida Universidad
Mexico,Oaxaca,Heroica Ciudad de Tlaxiaco,69800,55 Calle Allende
Mexico,Hidalgo,Nicolás Flores,42368,68 Avenida Insurgentes
Canada,British Columbia,Vancouver (Dunbar-Southlands / Musqueam),V6N,32 First Avenue
Canada,Ontario,Mississauga (West Hurontario / SW Gateway),L5R,6 Maple Street
Canada,British Columbia,Chilliwack West,V2R,793 King Street
Mexico,Michoacán de Ocampo,Hidalgo,61128,294 Calle Morelos
Mexico,Tabasco,Centro,86284,33 Calle Independencia
Mexico,Oaxaca,Villa de Tututepec de Melchor Ocampo,71800,921 Avenida Insurgentes
Mexico,Jalisco,Tonalá,45407,743 Calle Morelos
Mexico,Tamaulipas,Reynosa,88595,805 Calle Hidalgo
Canada,Ontario,Markham Central,L3P,853 Park Avenue
Canada,Ontario,Sault Ste. Marie East,P6A,906 King Street
Mexico,Hidalgo,Atotonilco el Grande,43300,220 Calle Allende
Canada,Ontario,London (Riverbend / Woodhull / North Sharon Creek / Byron / West Westmount),N6K,942 Queen Street
Mexico,Hidalgo,Atlapexco,43060,950 Calle Hidalgo
Canada,Ontario,Sault Ste. Marie East,P6A,310 First Avenue
Mexico,Tamaulipas,Ciudad Madero,89554,385 Calle Zaragoza
Canada,Ontario,Mississauga (Churchill Meadows / Central Erin Mills / South Streetsville),L5M,706 Park Avenue
Mexico,Michoacán de Ocampo,Santa Ana Maya,58900,622 Avenida Universidad
Canada,Alberta,Kananaskis Country (Claresholm),T0L,750 First Avenue
Canada,Saskatchewan,Saskatoon Southwest,S7M,366 Queen Street
Canada,Quebec,Quebec City Inner North,G2J,909 Cedar Road
Mexico,Jalisco,Acatic,45474,193 Calle Hidalgo
Canada,British Columbia,Courtenay Northern Outskirts,V9J,207 Queen Street
Canada,Alberta,Lacombe,T4L,209 Lake Street
Mexico,Michoacán de Ocampo,Zamora,59669,961 Avenida Universidad
Canada,Ontario,Hamilton (Greenford / North Gershome / West Stoney Creek),L8G,862 Park Avenue
Mexico,Morelos,Yautepec,62733,97 Calle Morelos
Canada,Quebec,Laurentides-Nord (Montcalm),J0T,536 Cedar Road
Mexico,Guanajuato,Dolores Hidalgo Cuna de la Independencia Nacional,37806,995 Calle Independencia
Mexico,Hidalgo,Molango de Escamilla,43110,751 Calle Hidalgo
Mexico,San Luis Potosí,Santa Catarina,79793,168 Calle Zaragoza
Canada,Ontario,Ottawa (Overbrook),K1K,155 Cedar Road
Mexico,Guerrero,Quechultenango,39264,303 Calle Independencia
Mexico,Veracruz de Ignacio de la Llave,San Andrés Tuxtla,95729,814 Calle Morelos
Canada,Alberta,Edmonton (Ellerslie),T6X,872 Oak Street
Mexico,Zacatecas,Zacatecas,98099,993 Avenida Insurgentes
Canada,Prince Edward Island,Charlottetown Southeast Prince Edward Island Provincial Government,C1A,307 First Avenue
Canada,Quebec,Place Desjardins,H5B,225 Queen Street
Canada,Nova Scotia,Amherst,B4H,599 Maple Street
Mexico,Michoacán de Ocampo,Hidalgo,61137,599 Avenida Central
Mexico,Michoacán de Ocampo,Nuevo Parangaricutiro,60490,198 Avenida Reforma
Mexico,México,Naucalpan de Juárez,53229,486 Avenida Insurgentes
Canada,British Columbia,Prince George North,V2K,871 Cedar Road
Canada,Quebec,Victoriaville East,G6S,483 River Road
Canada,New Brunswick,St. Andrews,E5B,989 Main Street
Mexico,México,Naucalpan de Juárez,53240,429 Avenida Central
Mexico,Tabasco,Centro,86289,89 Calle Zaragoza
Canada,Quebec,Rosemont Central,H1X,530 Queen Street
Mexico,Veracruz de Ignacio de la Llave,Las Choapas,96980,810 Avenida Central
Mexico,Sonora,Navojoa,85228,659 Calle Independencia
Canada,Nova Scotia,Louisbourg,B1C,828 River Road
Canada,Manitoba,Winnipeg (St. James-Assiniboia NW),R2Y,460 King Street
Mexico,Jalisco,Mezquitic,46053,439 Avenida Insurgentes
Canada,Prince Edward Island,Montague,C0A,545 Park Avenue
Canada,Ontario,Stratford South,N4Z,420 Park Avenue
Canada,Newfoundland and Labrador,Burin Peninsula (Marystown),A0E,456 Queen Street
Mexico,Michoacán de Ocampo,Tarímbaro,58893,377 Avenida Reforma
Mexico,Chiapas,Chilón,29940,831 Calle Morelos
Canada,Quebec,Saint-Laurent Inner Northeast,H4L,669 King Street
Canada,British Columbia,Surrey East,V3S,60 Maple Street
Canada,Alberta,Edmonton (West Northwest Industrial / Winterburn),T5S,751 Cedar Road
Canada,Ontario,Ottawa (Rockcliffe Park / New Edinburgh),K1M,165 King Street
Canada,Quebec,Buckingham,J8L,62 First Avenue
Mexico,Hidalgo,Tepeapulco,43988,390 Calle Allende
Canada,Ontario,East Toronto (The Danforth West / Riverdale),M4K,437 Main Street
Mexico,Tlaxcala,Muñoz de Domingo Arenas,90423,850 Avenida Universidad
Canada,Ontario,London West (Central Hyde Park / Oakridge),N6H,556 Main Street
Mexico,Jalisco,El Salto,45680,897 Avenida Juarez
Canada,Saskatchewan,Rm Of Sherwood,S4K,146 Maple Street
Canada,Quebec,Maisonneuve,H1V,548 Maple Street
Canada,Quebec,Shannon,G3S,85 River Road
Canada,New Brunswick,Hampton,E5N,268 River Road
Mexico,Querétaro,Pinal de Amoles,76319,44 Calle Allende
Mexico,Puebla,Teziutlán,73860,325 Calle Morelos
Mexico,Guerrero,Técpan de Galeana,40909,499 Calle Hidalgo
Mexico,Sinaloa,Guasave,81130,961 Avenida Central
Mexico,Tlaxcala,Apizaco,90355,95 Calle Zaragoza
Canada,Ontario,Windsor (University / South Cameron),N9B,516 Park Avenue
Mexico,Veracruz de Ignacio de la Llave,San Juan Evangelista,96140,323 Avenida Central
Canada,Ontario,Tecumseh Central,N9K,448 Queen Street
Mexico,Veracruz de Ignacio de la Llave,Carlos A. Carrillo,95343,352 Calle Zaragoza
Mexico,Yucatán,Chemax,97773,483 Calle Morelos
Canada,British Columbia,Port Moody,V3H,617 Main Street
Canada,Alberta,Edmonton (Central Jasper Place / Buena Vista),T5R,925 River Road
Mexico,Sonora,Guaymas,85470,921 Calle Independencia
Canada,Newfoundland and Labrador,Conception Bay,A1X,81 First Avenue
Canada,Quebec,Centre-du-Québec-Ouest (Saint-Bonaventure),J0C,426 Park Avenue
Canada,New Brunswick,Lamèque,E8T,727 Oak Street
Canada,New Brunswick,Saint John Lakewood,E2N,974 Main Street
Canada,Quebec,Grand-Mère,G9T,26 Main Street
Canada,Quebec,Drummondville Southeast,J2A,864 First Avenue
Mexico,Tlaxcala,Tetla de la Solidaridad,90435,283 Avenida Central
Mexico,Durango,Tepehuanes,35626,165 Calle Allende
Canada,Ontario,Windsor (Sandwich / Ojibway / West Malden),N9C,249 Cedar Road
Canada,Quebec,Mirabel Southwest,J7N,364 River Road
Canada,Ontario,Ingersoll,N5C,18 Oak Street
Canada,Manitoba,Winkler,R6W,95 Oak Street
Mexico,Guanajuato,Santa Cruz de Juventino Rosas,38255,296 Calle Zaragoza
Mexico,Oaxaca,San Juan Bautista Tuxtepec,68334,909 Calle Independencia
Canada,British Columbia,Coquitlam North,V3J,643 Lake Street
Mexico,Michoacán de Ocampo,Zamora,59696,640 Calle Zaragoza
Mexico,Chihuahua,Rosales,33127,127 Avenida Central
Canada,Alberta,Morinville,T8R,291 King Street
Mexico,Nuevo León,San Nicolás de los Garza,66449,605 Calle Independencia
Mexico,Coahuila de Zaragoza,Francisco I. Madero,27917,820 Calle Morelos
Mexico,Hidalgo,Singuilucan,43787,688 Avenida Juarez
Canada,Ontario,North York (Fairview / Henry Farm / Oriole),M2J,277 River Road
Mexico,Puebla,Acatlán,74947,530 Calle Hidalgo
Canada,Ontario,Windsor (West Forest Glade / East Fontainbleu),N8T,597 Main Street
Canada,Alberta,Northeastern Alberta (Fort Chipewyan),T0P,342 First Avenue
Canada,Manitoba,Winnipeg (Transcona),R2C,629 First Avenue
Mexico,México,Jilotepec,54253,231 Avenida Reforma
Canada,Nova Scotia,Bedford Southeast,B4A,483 Lake Street
Mexico,Chiapas,Villa Comaltitlán,30627,555 Calle Allende
Mexico,Chiapas,Tuzantán,30680,189 Avenida Central
Canada,Quebec,Centre-du-Québec-Ouest (Saint-Bonaventure),J0C,283 Oak Street
Mexico,Chihuahua,Chihuahua,31140,792 Avenida Universidad
Mexico,México,Coatepec Harinas,51734,890 Avenida Universidad
Mexico,Guanajuato,Guanajuato,36230,831 Calle Independencia
Mexico,Chiapas,Tapachula,30786,31 Avenida Insurgentes
Canada,Quebec,Clermont,G4A,453 Cedar Road
Mexico,Guanajuato,Yuriria,38950,552 Avenida Insurgentes
Mexico,Chihuahua,Guadalupe y Calvo,33498,288 Avenida Central
Canada,British Columbia,Delta East Central,V4G,6 Oak Street
Canada,Ontario,Ottawa (Parliament Hill),K1P,703 Park Avenue
Canada,Quebec,Old Montreal,H2Y,251 Oak Street
Mexico,Guanajuato,Pénjamo,36948,108 Avenida Universidad
Canada,New Brunswick,Doaktown,E9C,483 Park Avenue
Canada,Quebec,Saint-Vincent-de-Paul,H7C,438 First Avenue
Canada,Ontario,London (South Highbury / Glanworth / East Brockley / SE Westminster),N6N,588 Main Street
Mexico,Chiapas,Copainalá,29630,836 Calle Hidalgo
Mexico,Veracruz de Ignacio de la Llave,Jáltipan,96220,691 Avenida Reforma
Canada,Ontario,Brantford Northwest,N3V,320 Main Street
Mexico,Querétaro,Querétaro,76147,14 Avenida Insurgentes
Mexico,Chihuahua,Buenaventura,31883,883 Calle Allende
Mexico,Querétaro,Corregidora,76910,2 Avenida Universidad
Canada,Manitoba,Winnipeg (Point Douglas East),R2W,590 Main Street
Canada,Alberta,Central Alberta (Stettler),T0C,921 Queen Street
Canada,British Columbia,Vancouver (UBC),V6T,371 Lake Street
Mexico,Michoacán de Ocampo,Jiménez,58788,213 Calle Zaragoza
Mexico,Puebla,Puebla,72380,592 Calle Morelos
Mexico,Baja California,Ensenada,22800,844 Calle Hidalgo
Canada,Ontario,St. Catharines Southeast,L2V,785 River Road
Mexico,Sonora,Alamos,85773,748 Avenida Universidad
Canada,Ontario,Simcoe,N3Y,360 Park Avenue
Canada,Ontario,Brantford Southwest,N3T,417 Maple Street
Canada,British Columbia,West Kootenays (Rossland),V0G,378 Queen Street
Mexico,Chiapas,Tuxtla Gutiérrez,29045,510 Avenida Reforma
Mexico,Guanajuato,Abasolo,36985,254 Calle Hidalgo
Mexico,Sonora,General Plutarco Elías Calles,83580,507 Avenida Insurgentes
Canada,Quebec,Tour de la Bourse,H4Z,824 River Road
Canada,New Brunswick,Saint-Quentin,E8A,555 River Road
Canada,Quebec,Châteauguay North,J6J,339 Main Street
Mexico,Michoacán de Ocampo,Tiquicheo de Nicolás Romero,61398,336 Calle Independencia
Canada,Ontario,Greely,K4P,61 Maple Street
Mexico,Veracruz de Ignacio de la Llave,Cerro Azul,92523,101 Calle Zaragoza
Mexico,Chihuahua,Saucillo,33637,893 Avenida Universidad
Canada,Alberta,Calgary (Highfield / Burns Industrial),T2H,270 First Avenue
Canada,Nova Scotia,Waverley,B2R,848 Park Avenue
Canada,British Columbia,Burnaby (Government Road / Lake City / SFU / Burnaby Mountain),V5A,829 Main Street
Canada,Ontario,Hamilton (West Industrial Sector / West Crown Point / North Stipley / North Gibson / Landsdale / Keith / North End / Beasley),L8L,656 Oak Street
Canada,British Columbia,Winfield,V4V,217 Main Street
Mexico,Nayarit,Bahía de Banderas,63737,948 Avenida Insurgentes
Canada,Quebec,Drummondville Southeast,J2A,190 Queen Street
Mexico,Guanajuato,Salamanca,36765,292 Calle Morelos
Mexico,Distrito Federal,Milpa Alta,12600,609 Calle Independencia
Mexico,Durango,Tamazula,34577,860 Avenida Reforma
Canada,British Columbia,North Vancouver Southwest,V7P,490 Cedar Road
Mexico,Guerrero,Arcelia,40500,581 Avenida Reforma
Canada,Quebec,Dorval Central,H4Y,280 River Road
Canada,Ontario,Burlington Southwest,L7T,815 River Road
Canada,New Brunswick,Bayfield,E4M,88 Cedar Road
Canada,Quebec,Rosemont Central,H1X,638 First Avenue
Mexico,Michoacán de Ocampo,Chucándiro,58860,302 Calle Allende
Mexico,Chihuahua,Guadalupe y Calvo,33475,749 Calle Hidalgo
Canada,Ontario,St. Catharines South,L2T,727 First Avenue
Mexico,Sonora,Cajeme,85203,237 Avenida Universidad
Canada,Alberta,Athabasca,T9S,904 Maple Street
Canada,British Columbia,Omineca and Yellowhead (Smithers),V0J,394 Lake Street
Canada,Ontario,Aylmer,N5H,67 Park Avenue
Canada,British Columbia,Lower Skeena (Port Edward),V0V,916 Cedar Road
Mexico,Guanajuato,Celaya,38010,199 Calle Hidalgo
Mexico,Campeche,Campeche,24088,440 Calle Zaragoza
Mexico,Chihuahua,Guadalupe y Calvo,33493,709 Calle Morelos
Canada,Ontario,East York (Parkview Hill / Woodbine Gardens),M4B,940 Queen Street
Mexico,Puebla,Puebla,72110,854 Calle Zaragoza
Canada,Ontario,Wallaceburg,N8A,231 King Street
Mexico,Nayarit,Tecuala,63454,297 Avenida Central
Mexico,Chiapas,Tuxtla Gutiérrez,29030,13 Avenida Insurgentes
Canada,British Columbia,Vancouver (UBC),V6T,467 Oak Street
Canada,Ontario,North York (Humberlea / Emery),M9M,12 Maple Street
Mexico,Michoacán de Ocampo,Tiquicheo de Nicolás Romero,61377,465 Avenida Reforma
Canada,Nova Scotia,Lantz,B2S,611 Maple Street
Canada,Alberta,Edmonton (East Southeast Industrial / South Clover Bar),T6P,206 Park Avenue
Mexico,Veracruz de Ignacio de la Llave,Acayucan,96030,252 Avenida Reforma
Canada,Nova Scotia,Waverley,B2R,866 Queen Street
Mexico,Nuevo León,Bustamante,65150,860 Avenida Insurgentes
Mexico,Chiapas,Tapachula,30839,518 Avenida Universidad
Canada,Alberta,Lloydminster,T9V,945 Main Street
Canada,Ontario,Ontario Centre (Queensville),L0G,72 Maple Street
Mexico,Yucatán,Mérida,97314,404 Avenida Reforma
Mexico,Michoacán de Ocampo,Uruapan,60220,153 Calle Independencia
Canada,Alberta,Morinville,T8R,776 Main Street
Canada,Quebec,Sainte-Marie,G6E,349 Oak Street
Canada,Quebec,Terrebonne Southwest,J6Y,333 Cedar Road
Canada,Alberta,Calgary (Bridgeland / Greenview / Zoo / YYC),T2E,240 First Avenue
Mexico,Guerrero,Chilapa de Álvarez,41110,165 Avenida Reforma
Canada,Manitoba,Winnipeg (River Heights West),R3N,897 Lake Street
Canada,Alberta,Edmonton (West Clareview / East Londonderry),T5A,847 River Road
Mexico,Guerrero,Acatepec,41427,118 Avenida Juarez
Mexico,Hidalgo,Tlahuelilpan,42796,990 Avenida Juarez
Mexico,Durango,Durango,34228,689 Calle Allende
Canada,Quebec,Shawinigan Southeast,G9P,217 Maple Street
Canada,Ontario,Belleville East,K8N,986 Park Avenue
Canada,Quebec,Downtown Montreal Southeast,H3G,34 Park Avenue
Canada,Northwest Territory,Yellowknife,X1A,234 King Street
Canada,Saskatchewan,Northwestern Saskatchewan (Battleford),S0M,331 First Avenue
Canada,British Columbia,Vancouver (North West End / Stanley Park),V6G,684 River Road
Canada,Ontario,Owen Sound,N4K,617 Park Avenue
Canada,Ontario,Wellington (Elora),N0B,9 Queen Street
Canada,Alberta,Fort Saskatchewan,T8L,800 Park Avenue
Canada,British Columbia,Vancouver (West Mount Pleasant / West Riley Park-Little Mountain),V5Y,523 Lake Street
Canada,Nova Scotia,Halifax North West Arm,B3P,323 Park Avenue
Mexico,Hidalgo,Atlapexco,43067,458 Calle Allende
Canada,Quebec,Reserved (Santa Claus),H0H,448 River Road
Canada,Ontario,Thunder Bay North,P7G,201 King Street
Mexico,Yucatán,Mérida,97159,722 Calle Morelos
Canada,Ontario,St. Catharines Central,L2R,44 Park Avenue
Canada,Ontario,Whitby Southeast,L1N,355 River Road
Mexico,Campeche,Campeche,24573,242 Avenida Central
Mexico,San Luis Potosí,Aquismón,79767,300 Avenida Universidad
Canada,Ontario,Ottawa (Lower Town / Sandy Hill / University of Ottawa),K1N,912 River Road
Canada,British Columbia,Chilliwack West,V2R,806 Main Street
Mexico,Sonora,Cananea,84633,148 Calle Independencia
Mexico,Jalisco,Tuxcacuesco,48786,701 Avenida Insurgentes
Mexico,Tabasco,Huimanguillo,86436,878 Avenida Juarez
Canada,Quebec,Granby East,J2H,451 First Avenue
Mexico,Guanajuato,Yuriria,38955,952 Calle Zaragoza
Mexico,Hidalgo,San Bartolo Tutotepec,43449,602 Avenida Reforma
Mexico,Michoacán de Ocampo,Madero,58497,303 Avenida Central
Mexico,Yucatán,Tizimín,97703,41 Calle Independencia
Mexico,Tamaulipas,Victoria,87078,669 Avenida Insurgentes
Canada,British Columbia,Surrey Outer Northwest,V3V,938 King Street
Mexico,Guerrero,Olinalá,41014,588 Calle Independencia
Mexico,Sinaloa,Guasave,81144,423 Avenida Juarez
Canada,Ontario,Kitchener Northwest,N2M,608 Cedar Road
Mexico,Durango,Guanaceví,35423,84 Calle Morelos
Canada,British Columbia,Vancouver (SE Kerrisdale / SW Oakridge / West Marpole),V6P,890 Park Avenue
Mexico,Tlaxcala,Apizaco,90360,382 Avenida Central
Mexico,Nuevo León,Apodaca,66612,519 Calle Morelos
Canada,New Brunswick,Caraquet,E1W,56 Main Street
Mexico,Nuevo León,Juárez,67262,142 Calle Hidalgo
Mexico,Guerrero,Tlalchapa,40684,440 Calle Allende
Mexico,Sonora,Alamos,85770,304 Avenida Universidad
Canada,Ontario,King City,L7B,427 River Road
Mexico,Veracruz de Ignacio de la Llave,Jáltipan,96305,705 Avenida Central
Mexico,Guanajuato,Abasolo,36986,872 Avenida Central
Canada,British Columbia,Victoria South,V8V,96 Main Street
Mexico,Guerrero,Petatlán,40852,748 Calle Hidalgo
Canada,Quebec,Saint-Hippolyte,J8A,311 King Street
Canada,Quebec,Le Fjord (Forestville),G0T,289 Oak Street
Canada,New Brunswick,Saint-Leonard,E7E,979 Park Avenue
Canada,Quebec,Baie-Comeau Northeast,G4Z,124 River Road
Canada,Ontario,Hamilton (Greenford / North Gershome / West Stoney Creek),L8G,762 Cedar Road
Mexico,Michoacán de Ocampo,Juárez,61573,171 Avenida Universidad
Canada,Quebec,Chaudière-Sud (Disraeli),G0N,604 Oak Street
Mexico,Jalisco,La Huerta,48852,915 Avenida Juarez
Mexico,Tabasco,Tenosique,86905,492 Calle Independencia
Mexico,Michoacán de Ocampo,Morelia,58195,586 Calle Morelos
Mexico,Oaxaca,Salina Cruz,70680,127 Avenida Central
Mexico,Yucatán,Buctzotz,97625,741 Calle Zaragoza
Mexico,Coahuila de Zaragoza,Saltillo,25311,650 Calle Morelos
Mexico,Hidalgo,Chapulhuacán,42285,870 Calle Allende
Mexico,Coahuila de Zaragoza,Francisco I. Madero,27934,252 Avenida Central
Canada,Quebec,Appalaches (La Pocatière),G0R,980 Lake Street
Canada,Ontario,Markham Northwest,L6C,406 Queen Street
Mexico,Nuevo León,Monterrey,64633,176 Calle Independencia
Canada,Quebec,Gatineau Northwest,J8V,564 Park Avenue
Canada,Newfoundland and Labrador,St. John's Central,A1E,925 Queen Street
Canada,Quebec,Région de Beauce (Saint-Prosper-De-Dorchester),G0M,339 King Street
Mexico,México,Axapusco,55954,734 Avenida Universidad
Canada,Quebec,Chelsea,J9B,564 Lake Street
Mexico,Guerrero,Tlapa de Comonfort,41300,630 Avenida Universidad
Mexico,Chihuahua,Guachochi,33197,664 Avenida Universidad
Mexico,Oaxaca,San Ildefonso Villa Alta,68804,446 Calle Morelos
Mexico,México,Huixquilucan,52788,718 Avenida Central
Mexico,Sonora,Sáric,83860,593 Calle Hidalgo
Mexico,México,Naucalpan de Juárez,53128,742 Avenida Reforma
Mexico,Sinaloa,Badiraguato,80677,52 Calle Allende
Mexico,Michoacán de Ocampo,Jiquilpan,59512,448 Avenida Reforma
Mexico,Michoacán de Ocampo,Uruapan,60127,524 Calle Morelos
Mexico,Querétaro,Pinal de Amoles,76337,422 Calle Zaragoza
Mexico,Zacatecas,Jerez,99320,796 Avenida Reforma
Mexico,Quintana Roo,Bacalar,77940,140 Calle Independencia
Mexico,Sonora,Cajeme,85209,931 Avenida Central
Canada,Quebec,Alma Southeast,G8B,220 Lake Street
Mexico,Jalisco,Valle de Guadalupe,47398,378 Avenida Insurgentes
Canada,Ontario,Hamilton (Stinson / Corktown),L8N,925 Oak Street
Canada,Alberta,Sylvan Lake,T4S,377 King Street
Mexico,Michoacán de Ocampo,José Sixto Verduzco,58540,342 Avenida Universidad
Mexico,Puebla,Tlapacoya,73285,781 Calle Independencia
Canada,Ontario,Barrie,L9X,354 Main Street
Mexico,Sonora,Hermosillo,83333,167 Calle Allende
Mexico,Coahuila de Zaragoza,Saltillo,25313,245 Calle Zaragoza
Canada,Quebec,L'Île-Des-Soeurs,H3E,174 First Avenue
Mexico,Tamaulipas,Mier,88390,802 Calle Morelos
Mexico,Michoacán de Ocampo,Aquila,60884,769 Calle Allende
Mexico,Veracruz de Ignacio de la Llave,Emiliano Zapata,91630,601 Avenida Insurgentes
Canada,Alberta,Calgary (Discovery Ridge / Signal Hill / Aspen Woods / Patterson / Cougar Ridge),T3H,429 River Road
Mexico,Sonora,Cajeme,85218,882 Avenida Juarez
Mexico,México,Teotihuacán,55804,46 Calle Independencia
Mexico,Chihuahua,Jiménez,33976,559 Calle Hidalgo
Canada,Quebec,Lac-Megantic,G6B,33 King Street
Mexico,Michoacán de Ocampo,Múgica,61769,702 Avenida Juarez
Canada,Ontario,Burlington Southwest,L7T,265 Lake Street
Mexico,Durango,Durango,34164,102 Calle Allende
Mexico,San Luis Potosí,Santa María del Río,79562,212 Avenida Insurgentes
Canada,New Brunswick,Dalhousie,E8C,314 First Avenue
Canada,Ontario,East Toronto (The Beaches),M4E,13 Cedar Road
Canada,British Columbia,Vernon West,V1H,611 First Avenue
Canada,Quebec,Abitibi-Témiscamingue-Ouest (Guigues),J0Z,632 Maple Street
Canada,Quebec,Loretteville South,G2B,656 First Avenue
Mexico,Michoacán de Ocampo,Carácuaro,61923,503 Avenida Juarez
Mexico,Chihuahua,Juárez,32576,955 Avenida Juarez
Mexico,Coahuila de Zaragoza,San Pedro,27960,863 Calle Independencia
Canada,Alberta,Rocky Mountain House,T4T,938 Main Street
Canada,Quebec,Laterrière,G7N,214 First Avenue
Mexico,Chihuahua,Cusihuiriachi,33245,620 Avenida Insurgentes
Mexico,Guerrero,Azoyú,41910,920 Calle Allende
Mexico,Chihuahua,Chihuahua,31384,447 Calle Morelos
Canada,Ontario,East Toronto (The Beaches),M4E,265 River Road
Canada,Newfoundland and Labrador,St. John's Central,A1E,822 Park Avenue
Canada,Prince Edward Island,Summerside,C1N,437 Main Street
Canada,British Columbia,Powell River,V8A,977 Lake Street
Canada,Ontario,Courtice,L1E,896 First Avenue
Mexico,Hidalgo,Jaltocán,43040,947 Calle Independencia
Mexico,Puebla,Tehuacán,75760,424 Calle Allende
Mexico,Sinaloa,Mocorito,80950,413 Calle Hidalgo
Mexico,Baja California,Mexicali,21390,303 Avenida Juarez
Mexico,Chihuahua,Chihuahua,31075,48 Avenida Insurgentes
Canada,British Columbia,Mission East,V2V,579 Maple Street
Canada,Ontario,Kitchener Southeast,N2P,50 Park Avenue
Canada,Quebec,Reserved (Santa Claus),H0H,573 Park Avenue
Mexico,Veracruz de Ignacio de la Llave,Las Choapas,96980,353 Calle Allende
Mexico,Jalisco,Guadalajara,44659,241 Avenida Universidad
Mexico,Sonora,Cajeme,85213,197 Calle Morelos
Mexico,Nayarit,Bahía de Banderas,63737,358 Avenida Insurgentes
Canada,British Columbia,Vancouver (SE Oakridge / East Marpole / South Sunset),V5X,478 First Avenue
Mexico,Baja California Sur,Loreto,23897,949 Avenida Universidad
Mexico,Nuevo León,Guadalupe,67178,664 Avenida Reforma
Mexico,Michoacán de Ocampo,Huetamo,61946,404 Avenida Insurgentes
Mexico,Michoacán de Ocampo,Huetamo,61969,307 Calle Morelos
Mexico,Puebla,Puebla,72370,923 Avenida Reforma
Mexico,Michoacán de Ocampo,Tanhuato,59235,821 Calle Allende
Mexico,Chihuahua,Jiménez,33970,984 Calle Zaragoza
Canada,Quebec,Cartierville Northeast,H3M,17 Main Street
Canada,New Brunswick,Beresford,E8K,689 Queen Street
Canada,New Brunswick,Canterbury,E6H,544 First Avenue
Mexico,Guanajuato,San Francisco del Rincón,36447,579 Avenida Juarez
Canada,Ontario,Windsor (East Forest Glade),N8R,143 River Road
Mexico,Coahuila de Zaragoza,Saltillo,25100,597 Calle Morelos
Mexico,Sonora,Navojoa,85239,467 Avenida Reforma
Canada,Nova Scotia,Eskasoni,B1W,920 King Street
Canada,Ontario,Richmond Hill Southeast,L4B,298 Lake Street
Canada,Ontario,Welland West,L3C,473 Main Street
Mexico,Quintana Roo,Benito Juárez,77503,954 Avenida Juarez
Mexico,Oaxaca,San Pedro Totolápam,70484,145 Avenida Insurgentes
Mexico,Sonora,Puerto Peñasco,83556,425 Calle Hidalgo
Mexico,Michoacán de Ocampo,Morelia,58115,705 Avenida Juarez
Mexico,México,Coatepec Harinas,51724,872 Avenida Reforma
Canada,Ontario,North York (Bedford Park / Lawrence Park West / Lawrence Manor East),M5M,950 Main Street
Mexico,Sonora,Agua Prieta,84307,454 Avenida Universidad
Mexico,Tamaulipas,Victoria,87140,827 Avenida Universidad
Canada,Alberta,Edmonton Southwest,T6M,468 Maple Street
Canada,Alberta,Sherwood Park West,T8A,141 Lake Street
Canada,Quebec,Hull Central,J8Y,600 Oak Street
Canada,Quebec,Downtown Montreal Southeast,H3G,936 Park Avenue
Mexico,Michoacán de Ocampo,Tanhuato,59230,779 Calle Independencia
Canada,Alberta,Devon,T9G,334 Main Street
Canada,Nova Scotia,Lantz,B2S,214 Maple Street
Mexico,Guanajuato,Cuerámaro,36967,699 Avenida Insurgentes
Canada,British Columbia,Williams Lake,V2G,806 Maple Street
Mexico,Oaxaca,San Juan Bautista Tuxtepec,68363,473 Avenida Reforma
Mexico,Oaxaca,San Juan Bautista Cuicatlán,68607,136 Calle Allende
Mexico,Hidalgo,Zimapán,42343,126 Calle Zaragoza
Mexico,Michoacán de Ocampo,Morelia,58096,530 Avenida Insurgentes
Mexico,Veracruz de Ignacio de la Llave,Mariano Escobedo,94420,678 Avenida Juarez
Canada,Quebec,Dollard-Des-Ormeaux Northwest,H9A,602 Maple Street
Canada,Ontario,Ancaster East,L9K,912 Main Street
Canada,Quebec,Charny,G6X,246 King Street
Canada,Quebec,Lanaudière-Nord (Saint-Esprit),J0K,503 First Avenue
Canada,Quebec,Saint-Hubert Central,J3Y,607 First Avenue
Mexico,Guerrero,Cochoapa el Grande,41664,162 Calle Independencia
Canada,Manitoba,Morden,R6M,860 Cedar Road
Canada,Alberta,Wainwright Region (Tofield),T0B,687 First Avenue
Mexico,Hidalgo,Nopala de Villagrán,42493,922 Avenida Juarez
Mexico,Michoacán de Ocampo,Madero,58488,225 Calle Zaragoza
Canada,New Brunswick,St. George,E5C,60 Maple Street
Mexico,Oaxaca,Acatlán de Pérez Figueroa,68420,902 Avenida Central
Mexico,Distrito Federal,Álvaro Obregón,01650,381 Calle Hidalgo
Canada,Alberta,Sherwood Park East,T8G,241 Main Street
Canada,Quebec,Quebec City West,G1P,902 Queen Street
Mexico,Michoacán de Ocampo,Madero,58498,716 Calle Zaragoza
Mexico,Veracruz de Ignacio de la Llave,Jáltipan,96315,538 Avenida Universidad
Mexico,Tamaulipas,Tampico,89358,764 Calle Independencia
Canada,Quebec,Hébertville,G8N,523 Oak Street
Mexico,Chihuahua,Guadalupe y Calvo,33490,337 Calle Allende
Canada,Nova Scotia,North Victoria County (Dingwall),B0C,963 Main Street
Mexico,Tamaulipas,Victoria,87089,396 Avenida Juarez
Canada,Quebec,Saint-Bruno,J3V,313 Lake Street
Mexico,Chiapas,Comitán de Domínguez,30067,247 Avenida Insurgentes
Mexico,Sinaloa,Culiacán,80194,735 Calle Hidalgo
Canada,Alberta,Calgary (Elbow Park / Britannia / Parkhill / Mission),T2S,211 Lake Street
Mexico,México,Toluca,50274,906 Avenida Reforma
Mexico,México,Texcoco,56224,743 Avenida Universidad
Canada,Quebec,Westmount East,H3Z,939 Maple Street
Mexico,Campeche,Campeche,24085,640 Calle Hidalgo
Canada,Alberta,Edmonton (Central Jasper Place / Buena Vista),T5R,674 Maple Street
Canada,Ontario,Burlington North,L7M,666 Main Street
Mexico,Sonora,Nogales,84094,887 Avenida Insurgentes
Mexico,Veracruz de Ignacio de la Llave,Tlalixcoyan,95226,650 Avenida Insurgentes
Mexico,Campeche,Carmen,24313,535 Calle Allende
Canada,Saskatchewan,Western Saskatchewan (Kindersley),S0L,200 Cedar Road
Mexico,Sonora,Rosario,85714,843 Avenida Juarez
Canada,Ontario,East Toronto (The Beaches),M4E,532 Park Avenue
Canada,Ontario,Kitchener Northwest,N2M,58 Main Street
Canada,Quebec,Trois-Rivières Northeast,G8Z,303 Park Avenue
Canada,British Columbia,South Okanagan (Summerland),V0H,773 Oak Street
Canada,Quebec,Jean-Talon West,G2N,894 Maple Street
Canada,British Columbia,Vancouver (North West End / Stanley Park),V6G,64 Park Avenue
Mexico,México,Jocotitlán,50727,119 Avenida Central
Mexico,Veracruz de Ignacio de la Llave,Córdoba,94620,635 Calle Zaragoza
Canada,Ontario,Stratford South,N4Z,703 King Street
Mexico,Puebla,Tehuacán,75760,866 Calle Zaragoza
Canada,Ontario,Markham East,L6B,462 King Street
Mexico,Puebla,Yaonáhuac,73915,642 Avenida Insurgentes
Mexico,Puebla,Cuautlancingo,72705,507 Calle Zaragoza
Canada,Ontario,Richmond Hill Southwest,L4C,872 Queen Street
Canada,Newfoundland and Labrador,Corner Brook,A2H,957 River Road
Canada,Ontario,York (Del Ray / Keelsdale / Mount Dennis / Silverthorne),M6M,446 Maple Street
Canada,British Columbia,Maple Ridge West,V2X,961 Oak Street
Canada,Saskatchewan,Saskatoon Northeast Central,S7N,961 King Street
Mexico,Puebla,Coyomeapan,75990,249 Calle Zaragoza
Canada,Ontario,Waterloo Southeast,N2J,216 Maple Street
Canada,Quebec,Saint-Colomban,J5K,670 Lake Street
Mexico,Guanajuato,León,37490,342 Calle Zaragoza
Mexico,Hidalgo,Calnali,43245,536 Calle Hidalgo
Mexico,San Luis Potosí,Mexquitic de Carmona,78474,906 Calle Zaragoza
Mexico,San Luis Potosí,Soledad de Graciano Sánchez,78434,387 Avenida Juarez
Mexico,Sonora,Arizpe,84657,982 Avenida Insurgentes
Mexico,Tamaulipas,Tampico,89250,288 Avenida Reforma
Canada,Ontario,Downtown Toronto (University of Toronto / Harbord),M5S,759 River Road
Canada,Ontario,Richmond Hill North,L4E,192 King Street
Canada,Alberta,Calgary (Midnapore / Sundance),T2X,545 First Avenue
Canada,Manitoba,Oak Bluff,R4G,968 Main Street
Canada,Quebec,L'Île-Bizard Southwest,H9E,161 King Street
Canada,Quebec,Repentigny Northeast,J5Y,660 Queen Street
Canada,Quebec,Saint-Hyacinthe Northwest,J2R,345 Park Avenue
Mexico,Sinaloa,Ahome,81229,579 Calle Hidalgo
Canada,Quebec,Mascouche Extremities,J7K,918 Oak Street
Canada,Ontario,Brampton West Central,L6Z,126 King Street
Canada,Ontario,Willowdale South,M2N,160 First Avenue
Canada,British Columbia,Nanaimo South,V9R,147 Cedar Road
Canada,British Columbia,Vancouver (SE Kensington / Victoria-Fraserview),V5P,534 Park Avenue
Canada,Ontario,London (YXU / North and East Argyle / East Huron Heights),N5V,719 Queen Street
Canada,New Brunswick,Brantville,E9H,222 Main Street
Canada,New Brunswick,Apohaqui,E5P,40 Main Street
Mexico,Coahuila de Zaragoza,San Pedro,27805,88 Calle Allende
Mexico,Guanajuato,León,37426,877 Calle Morelos
Mexico,Querétaro,Querétaro,76233,559 Calle Morelos
Canada,Alberta,Edson,T7E,754 First Avenue
Canada,Ontario,London (Riverbend / Woodhull / North Sharon Creek / Byron / West Westmount),N6K,427 Maple Street
Canada,Ontario,Amherstburg,N9V,689 King Street
Canada,Ontario,Scarborough (Cliffside / Cliffcrest / Scarborough Village West),M1M,518 King Street
Mexico,Chihuahua,Balleza,33574,683 Avenida Insurgentes
Mexico,Jalisco,Cabo Corrientes,48415,261 Calle Allende
Canada,Nova Scotia,West Cape Breton Island (Baddeck),B0E,820 Maple Street
Canada,Newfoundland and Labrador,Portugal Cove-St. Philips,A1M,342 River Road
Mexico,Puebla,Puebla,72510,586 Calle Independencia
Canada,Prince Edward Island,Montague,C0A,490 River Road
Canada,British Columbia,Vancouver (Killarney),V5S,253 First Avenue
Mexico,Puebla,Tlapanalá,74544,236 Avenida Juarez
Mexico,Chihuahua,Ojinaga,32886,761 Avenida Juarez
Mexico,Durango,Mezquital,34987,706 Avenida Insurgentes
Canada,Quebec,Îles-Laval,H7Y,833 Queen Street
Canada,Quebec,Anjou East,H1K,735 Main Street
Mexico,Sonora,Alamos,85777,272 Calle Zaragoza
Canada,Quebec,Marieville,J3M,582 First Avenue
Canada,Quebec,Côte-Nord/Anticosti (Schefferville),G0G,271 Maple Street
Mexico,San Luis Potosí,Rioverde,79646,935 Avenida Reforma
Canada,Ontario,Rainy River Region (Emo),P0W,902 King Street
Mexico,Puebla,San Salvador el Verde,74135,372 Calle Morelos
Canada,Quebec,Repentigny Northeast,J5Y,745 Maple Street
Mexico,México,Timilpan,50523,436 Avenida Universidad
Canada,Quebec,Downtown Montreal East,H3B,543 King Street
Mexico,Chihuahua,Delicias,33105,66 Calle Hidalgo
Canada,Quebec,Région de Beauce (Saint-Prosper-De-Dorchester),G0M,978 Lake Street
Mexico,Veracruz de Ignacio de la Llave,Tuxpan,92785,713 Avenida Reforma
Canada,Ontario,Whitby Region (Gormley),L0H,798 First Avenue
Canada,Alberta,Calgary (Cranston),T3M,369 Cedar Road
Mexico,Guanajuato,Irapuato,36813,319 Avenida Central
Mexico,Nayarit,Xalisco,63794,516 Avenida Universidad
Mexico,Jalisco,San Pedro Tlaquepaque,45590,852 Calle Hidalgo
Canada,Newfoundland and Labrador,Gander,A1V,548 Cedar Road
Mexico,Tlaxcala,Tlaxcala,90102,6 Calle Independencia
Canada,Ontario,Springwater,L9X,324 Queen Street
Mexico,Tamaulipas,Victoria,87040,80 Avenida Universidad
Mexico,Sonora,Puerto Peñasco,83565,865 Calle Morelos
Mexico,Sonora,Cajeme,85198,371 Avenida Central
Canada,Alberta,Edmonton (Central Mistatim),T5V,594 Oak Street
Canada,Ontario,St. Mary's,N4X,616 Main Street
Canada,Nova Scotia,Antigonish,B2G,325 Lake Street
Canada,Manitoba,North Interlake (Stonewall),R0C,560 Maple Street
Canada,Quebec,Quebec City South Central,G1N,113 Cedar Road
Mexico,Oaxaca,San Juan Bautista Guelache,68236,732 Avenida Reforma
Mexico,Sonora,Cajeme,85203,321 Avenida Universidad
Mexico,Chihuahua,Aldama,32917,817 Calle Hidalgo
Canada,Saskatchewan,Saskatoon East Central,S7H,523 Maple Street
Mexico,Veracruz de Ignacio de la Llave,Amatlán de los Reyes,94954,876 Avenida Reforma
Canada,Quebec,Sainte-Dorothée,H7X,546 First Avenue
Canada,Ontario,Stittsville,K2S,880 Park Avenue
Canada,Alberta,Calgary (Lakeview / Glendale / Killarney / Glamorgan),T3E,125 River Road
Canada,Quebec,Lachine West,H8T,32 Park Avenue
Canada,British Columbia,North Vancouver Southwest,V7P,922 Park Avenue
Mexico,Puebla,Tlachichuca,75057,60 Calle Hidalgo
Canada,Manitoba,Winnipeg (River Heights West),R3N,477 King Street
Mexico,Chiapas,Villa Corzo,30536,105 Calle Morelos
Mexico,Durango,Tamazula,34598,596 Calle Independencia
Mexico,Oaxaca,Santa María Colotepec,70938,236 Avenida Reforma
Mexico,Sonora,Cajeme,85195,579 Calle Hidalgo
Canada,Ontario,Thunder Bay Northeast,P7A,827 River Road
Mexico,Veracruz de Ignacio de la Llave,Álamo Temapache,92735,819 Calle Zaragoza
Canada,Ontario,Cumberland Township,K4B,354 Oak Street
Canada,British Columbia,Upper Columbia Region (Golden),V0A,804 Lake Street
Canada,Quebec,Châteauguay North,J6J,998 Lake Street
Canada,Alberta,Blackfalds,T4M,790 River Road
Canada,Nova Scotia,Glace Bay,B1A,176 Queen Street
Mexico,Michoacán de Ocampo,Lázaro Cárdenas,60994,379 Avenida Universidad
Canada,Quebec,Notre-Dame-de-Grâce Southwest,H4B,568 Cedar Road
Canada,Saskatchewan,Yorkton Region (Melville),S0A,29 Cedar Road
Canada,British Columbia,Prince George West Central,V2M,715 Cedar Road
Mexico,Veracruz de Ignacio de la Llave,Altotonga,93715,272 Calle Hidalgo
Mexico,México,Tejupilco,51424,476 Calle Hidalgo
Canada,New Brunswick,Norton,E5T,178 Queen Street
Canada,Ontario,Barrie South,L4N,648 Cedar Road
Canada,British Columbia,Vernon Central,V1T,731 River Road
Canada,Newfoundland and Labrador,Port au Port Peninsula region (St. George's),A0N,22 Lake Street
Canada,Quebec,Sainte-Thérèse-de-Blainville North,J7B,469 First Avenue
Canada,Nova Scotia,Yarmouth,B5A,932 First Avenue
Canada,Quebec,Manicouagan (Baie-Trinité),G0H,649 Cedar Road
Mexico,Sinaloa,Culiacán,80028,178 Avenida Reforma
Canada,Quebec,Notre-Dame-de-Grâce Northeast,H4A,320 Lake Street
Mexico,Querétaro,Huimilpan,76973,353 Calle Morelos
Canada,Ontario,Ottawa (West Downtown area),K1R,684 First Avenue
Mexico,Guerrero,Acapulco de Juárez,39747,129 Calle Morelos
Mexico,Sonora,Navojoa,85222,878 Avenida Insurgentes
Canada,Ontario,Brampton North Central,L6S,790 First Avenue
Canada,British Columbia,North Vancouver Outer East,V7G,379 Park Avenue
Mexico,Guanajuato,Moroleón,38868,681 Avenida Reforma
Canada,Quebec,Mirabel Northeast,J7J,932 Maple Street
Mexico,Veracruz de Ignacio de la Llave,Papantla,93540,817 Avenida Central
Canada,Quebec,Saint-Jérôme West,J5L,674 Lake Street
Canada,Saskatchewan,Saskatoon East Central,S7H,839 Cedar Road
Mexico,Chihuahua,Balleza,33574,872 Avenida Central
Canada,Quebec,Plateau Mont-Royal Southeast,H2X,560 Park Avenue
Mexico,Durango,Guanaceví,35425,446 Calle Allende
Mexico,Guanajuato,León,37416,91 Calle Allende
Mexico,Oaxaca,Silacayoápam,69406,750 Avenida Juarez
Canada,Ontario,Owen Sound,N4K,513 Queen Street
Canada,Quebec,Louiseville,J5V,394 First Avenue
Canada,Ontario,Woodstock North,N4T,45 Queen Street
Mexico,Guerrero,Olinalá,41028,339 Calle Zaragoza
Canada,Nova Scotia,Waverley,B2R,78 Park Avenue
Mexico,Chihuahua,Balleza,33573,718 Avenida Central
Canada,Ontario,Peterborough (Fairbairn Meadows / Jackson Heights),K9K,613 First Avenue
Canada,Quebec,Gatineau Southeast,J8P,524 Cedar Road
Mexico,México,Chimalhuacán,56356,492 Avenida Juarez
Mexico,Baja California,Mexicali,21600,748 Avenida Central
Canada,Alberta,Calgary (Queensland Downs / Lake Bonavista / Willow Park / Acadia),T2J,96 Oak Street
Mexico,Querétaro,Peñamiller,76485,336 Avenida Universidad
Mexico,Jalisco,Arandas,47184,458 Calle Allende
Canada,Ontario,Ottawa (Overbrook),K1K,903 Cedar Road
Mexico,Michoacán de Ocampo,Acuitzio,58467,306 Calle Allende
Mexico,Michoacán de Ocampo,Tuzantla,61548,121 Avenida Reforma
Mexico,Querétaro,Ezequiel Montes,76664,546 Calle Hidalgo
Mexico,San Luis Potosí,El Naranjo,79317,464 Avenida Universidad
Mexico,Michoacán de Ocampo,Pajacuarán,59180,947 Calle Morelos
Mexico,Chiapas,Acacoyagua,30596,278 Avenida Central
Mexico,Puebla,Huehuetlán el Grande,75328,531 Calle Independencia
Mexico,Guerrero,Acapulco de Juárez,39530,62 Calle Allende
Canada,Quebec,Coaticook,J1A,365 Lake Street
Mexico,Tamaulipas,Altamira,89603,124 Avenida Central
Canada,Ontario,Kitchener Southeast,N2P,905 Lake Street
Canada,British Columbia,Vernon East,V1B,203 Lake Street
Canada,Alberta,Edmonton (West Northwest Industrial / Winterburn),T5S,573 Oak Street
Canada,Quebec,Estrie-Ouest (Fulford),J0E,63 Oak Street
Canada,Manitoba,Winnipeg (Fort Garry NW / Tuxedo),R3P,584 Maple Street
Mexico,Campeche,Carmen,24157,204 Calle Zaragoza
Mexico,Hidalgo,Tlahuelilpan,42784,644 Calle Morelos
Canada,Quebec,Saint-Félicien,G8K,854 First Avenue
Canada,Quebec,Sept-Îles Southeast,G4R,226 King Street
Mexico,Coahuila de Zaragoza,Torreón,27277,961 Avenida Insurgentes
Mexico,Querétaro,Jalpan de Serra,76350,39 Avenida Reforma
Canada,British Columbia,Central Okanagan and High Country (Revelstoke),V0E,807 Lake Street
Canada,Ontario,London (East Tempo),N6L,187 King Street
Canada,Alberta,Calgary (Symons Valley),T3P,317 River Road
Mexico,Oaxaca,San Carlos Yautepec,70504,6 Calle Hidalgo
Canada,Yukon,Central Yukon (Dawson City),Y0B,569 Maple Street
Mexico,Chiapas,Tuxtla Gutiérrez,29010,5 Avenida Juarez
Canada,New Brunswick,Moncton West,E1E,400 First Avenue
Mexico,Puebla,Tlachichuca,75053,977 Calle Zaragoza
Mexico,Chihuahua,Chihuahua,31065,503 Avenida Juarez
Canada,Ontario,St. Catharines South,L2T,762 Oak Street
Canada,Quebec,LaSalle Northwest,H8N,124 First Avenue
Mexico,Michoacán de Ocampo,Jiménez,58780,355 Calle Allende
Mexico,Oaxaca,San Jacinto Amilpas,68285,801 Calle Independencia
Mexico,Durango,Tamazula,34595,205 Calle Allende
Canada,Saskatchewan,Swift Current,S9H,969 Main Street
Mexico,Coahuila de Zaragoza,Villa Unión,26604,51 Calle Allende
Mexico,México,Ozumba,56806,807 Calle Zaragoza
Canada,New Brunswick,Millville,E6E,275 River Road
Mexico,Veracruz de Ignacio de la Llave,Misantla,93826,600 Avenida Reforma
Mexico,Oaxaca,Candelaria Loxicha,70954,476 Avenida Central
Canada,New Brunswick,Fredericton South New Brunswick Provincial Government,E3B,875 Park Avenue
Mexico,Tabasco,Emiliano Zapata,86982,774 Calle Hidalgo
Mexico,Sinaloa,Mazatlán,82139,563 Avenida Juarez
Mexico,Michoacán de Ocampo,Turicato,61685,618 Avenida Juarez
Canada,Quebec,Matane,G4W,628 Maple Street
Canada,Ontario,Manotick,K4M,254 King Street
Canada,Ontario,Scarborough (Cedarbrae),M1H,597 River Road
Mexico,México,Teotihuacán,55820,34 Calle Zaragoza
Canada,Quebec,Saint-Hyacinthe Northwest,J2R,446 Main Street
Mexico,Durango,Cuencamé,35805,895 Calle Independencia
Mexico,Sonora,Etchojoa,85283,752 Avenida Central
Canada,Ontario,Welland West,L3C,815 Park Avenue
Mexico,Guanajuato,Celaya,38070,478 Avenida Central
Mexico,Puebla,Tepexi de Rodríguez,74691,620 Avenida Insurgentes
Canada,Ontario,Markham Southeast,L3S,571 Lake Street
Mexico,Hidalgo,San Felipe Orizatlán,43033,184 Avenida Universidad
Canada,New Brunswick,Dieppe Moncton East,E1A,627 Park Avenue
Mexico,México,Lerma,52004,76 Calle Morelos
Canada,New Brunswick,Gagetown,E5M,220 Oak Street
Canada,Ontario,Greater Sudbury (Hanmer),P3P,332 Maple Street
Canada,British Columbia,Vancouver (North West End / Stanley Park),V6G,16 Cedar Road
Canada,Quebec,Gaspésie-Nord (Grande-Vallée),G0E,685 King Street
Canada,Ontario,Gloucester (Blackburn Hamlet / Pine View),K1B,474 King Street
Canada,Ontario,Guelph Northwest,N1H,399 Main Street
Canada,Alberta,Edmonton (Southgate / North Riverbend),T6H,604 Lake Street
Mexico,Nuevo León,Apodaca,66600,904 Calle Independencia
Canada,Alberta,Red Deer North,T4P,10 Queen Street
Canada,Saskatchewan,North Battleford,S9A,654 Oak Street
Canada,British Columbia,Surrey Lower West,V3X,417 Maple Street
Canada,British Columbia,Central Island (Chemainus),V0R,650 Maple Street
Mexico,Veracruz de Ignacio de la Llave,Tezonapa,95086,471 Calle Allende
Mexico,Tlaxcala,Natívitas,90713,455 Calle Morelos
Canada,Ontario,Port Colborne,L3K,799 Maple Street
Canada,Ontario,Oakville South,L6L,668 Park Avenue
Mexico,México,Amanalco,51267,435 Calle Zaragoza
Mexico,Guerrero,Cutzamala de Pinzón,40648,557 Calle Independencia
Mexico,Oaxaca,San Antonio Huitepec,71307,265 Calle Hidalgo
Mexico,Tamaulipas,Soto la Marina,87670,704 Avenida Juarez
Canada,Ontario,Ontario Centre (Queensville),L0G,664 Cedar Road
Mexico,Oaxaca,Santa María Colotepec,70936,660 Avenida Reforma
Canada,Ontario,Northwestern Ontario (Red Lake),P0V,886 Queen Street
Mexico,Aguascalientes,Aguascalientes,20126,626 Avenida Universidad
Mexico,Michoacán de Ocampo,Vista Hermosa,59203,904 Avenida Juarez
Mexico,Tabasco,Centla,86757,800 Calle Independencia
Canada,British Columbia,Port Moody,V3H,563 Oak Street
Mexico,Hidalgo,Nopala de Villagrán,42475,144 Avenida Reforma
Mexico,Durango,Durango,34039,341 Calle Morelos
Mexico,Puebla,Ixtacamaxtitlán,73723,82 Calle Zaragoza
Canada,Saskatchewan,Regina East,S4L,912 First Avenue
Mexico,San Luis Potosí,Ahualulco,78456,647 Calle Morelos
Mexico,Chiapas,Arriaga,30453,838 Calle Morelos
Mexico,Coahuila de Zaragoza,Torreón,27415,534 Avenida Juarez
Canada,New Brunswick,St-Louis-de-Kent,E4X,767 Queen Street
Canada,New Brunswick,Hampton,E5N,482 Cedar Road
Canada,Ontario,Woodbridge South,L4L,64 Cedar Road
Mexico,Guanajuato,San Diego de la Unión,37876,318 Avenida Reforma
Mexico,Jalisco,Tala,45306,34 Calle Morelos
Canada,Northwest Territory,Yellowknife,X1A,556 Maple Street
Mexico,México,Tlatlaya,51573,974 Avenida Universidad
Canada,Ontario,Willowdale West,M2R,193 Main Street
Mexico,Sonora,Benito Juárez,85293,631 Avenida Juarez
Mexico,Jalisco,Tonalá,45419,599 Avenida Universidad
Mexico,Veracruz de Ignacio de la Llave,Minatitlán,96710,643 Avenida Central
Mexico,Sinaloa,El Fuerte,81844,597 Calle Morelos
Mexico,Tabasco,Huimanguillo,86425,637 Avenida Universidad
Mexico,San Luis Potosí,Ciudad del Maíz,79344,786 Calle Independencia
Canada,British Columbia,Upper Columbia Region (Golden),V0A,858 Park Avenue
Canada,Ontario,Kanata (Katimavik-Hazeldean / Glen Cairn),K2L,283 Cedar Road
Canada,Quebec,Trois-Rivières Central,G8Y,263 King Street
Canada,Alberta,Calgary (Midnapore / Sundance),T2X,744 First Avenue
Canada,British Columbia,Vancouver (Waterfront / Coal Harbour / Canada Place),V6C,595 River Road
Mexico,Nuevo León,Allende,67353,358 Calle Allende
Canada,New Brunswick,Campbellton,E3N,773 King Street
Canada,Quebec,Mount Royal South,H4P,496 Lake Street
Mexico,Sinaloa,Culiacán,80199,198 Calle Hidalgo
Mexico,Tabasco,Cunduacán,86693,993 Calle Hidalgo
Mexico,Quintana Roo,Othón P. Blanco,77026,748 Avenida Universidad
Mexico,Nuevo León,Guadalupe,67178,616 Avenida Juarez
Canada,Nunavut Territory,Outer Nunavut (Iqaluit),X0A,337 Lake Street
Canada,Ontario,Burlington South,L7S,567 Park Avenue
Canada,Quebec,Centre-du-Québec-Est (Saint-Valère),G0P,360 Lake Street
Canada,Quebec,Plateau Mont-Royal West,H2T,726 First Avenue
Canada,Quebec,Val-d'Or,J9P,962 King Street
Canada,Ontario,Oshawa North,L1L,176 Main Street
Canada,Ontario,Tecumseh (YQG),N8V,892 Queen Street
Mexico,Veracruz de Ignacio de la Llave,Álamo Temapache,92736,185 Avenida Universidad
Canada,Ontario,East York (Parkview Hill / Woodbine Gardens),M4B,348 First Avenue
Mexico,Puebla,Olintla,73403,514 Calle Morelos
Canada,Quebec,Ville Émard,H4E,963 Main Street
Mexico,Chiapas,Tapachula,30797,977 Avenida Reforma
Mexico,Chihuahua,Madera,31955,505 Avenida Insurgentes
Mexico,México,San José del Rincón,50674,147 Avenida Reforma
Mexico,San Luis Potosí,Ciudad del Maíz,79340,875 Calle Allende
Canada,Ontario,Hamilton (Confederation Park / Nashdale / East Kentley / Riverdale / Lakely / Grayside / North Stoney Creek),L8E,958 Cedar Road
Mexico,Veracruz de Ignacio de la Llave,Xalapa,91013,352 Calle Independencia
Canada,Alberta,Edmonton (Central Mistatim),T5V,56 Maple Street
Canada,Quebec,La Tuque,G9X,431 First Avenue
Mexico,Hidalgo,San Agustín Tlaxiaca,42170,942 Avenida Central
Canada,Ontario,Wasaga Beach,L9Z,159 Oak Street
Canada,Ontario,Timmins Region (South Porcupine),P0N,203 Main Street
Mexico,Tabasco,Jonuta,86782,27 Calle Zaragoza
Canada,Ontario,East Toronto Business Reply Mail Processing Centre 969 Eastern (Enclave of M4L),M7Y,157 Maple Street
Mexico,Durango,Indé,35520,159 Calle Morelos
Canada,Quebec,Ville-Marie,J9V,538 Oak Street
Canada,Ontario,Central Toronto (The Annex / North Midtown / Yorkville),M5R,623 River Road
Mexico,Distrito Federal,Álvaro Obregón,01770,333 Avenida Central
Mexico,Michoacán de Ocampo,Zitácuaro,61539,460 Calle Allende
Canada,British Columbia,Prince George South,V2N,504 First Avenue
Canada,British Columbia,Atlin Region (Atlin),V0W,982 Oak Street
Mexico,Guanajuato,León,37358,466 Calle Hidalgo
Mexico,Distrito Federal,Tlalpan,14110,816 Calle Independencia
Canada,Ontario,Elgin (Dorchester),N0L,821 Maple Street
Canada,New Brunswick,Moores Mills,E5A,777 Main Street
Canada,Quebec,Villeray Northeast,H2E,870 Cedar Road
Canada,New Brunswick,Burtts Corner,E6L,884 Oak Street
Mexico,Guanajuato,San Luis de la Paz,37915,746 Avenida Reforma
Canada,Northwest Territory,Southwestern Northwest Territories (Fort Liard),X0G,65 Oak Street
Mexico,Durango,Mezquital,34977,307 Avenida Universidad
Mexico,Durango,Pueblo Nuevo,34953,345 Avenida Insurgentes
Canada,Ontario,Parry Sound South Shore (Kilworthy),P0E,778 Maple Street
Canada,Ontario,Oakville North,L6H,487 Cedar Road
Mexico,Coahuila de Zaragoza,Saltillo,25180,728 Calle Morelos
Canada,British Columbia,Courtenay Central,V9N,30 Maple Street
Canada,Ontario,Willowdale West,M2R,499 Main Street
Canada,Ontario,Burlington Southwest,L7T,377 Oak Street
Canada,Alberta,Wainwright,T9W,421 First Avenue
Canada,Newfoundland and Labrador,Western Newfoundland (Lark Harbour),A0L,173 Cedar Road
Canada,Ontario,Kapuskasing,P5N,463 King Street
Canada,Quebec,Saint-Nicolas,G7A,610 King Street
Mexico,Chiapas,Cintalapa,30400,631 Avenida Central
Mexico,Sonora,Benito Juárez,85293,483 Calle Zaragoza
Canada,Ontario,Mississauga (Central Lakeview),L5E,81 Park Avenue
Canada,British Columbia,Delta Central,V4K,650 River Road
Canada,Nova Scotia,Porters Lake,B3E,131 Queen Street
Mexico,Chihuahua,Juárez,32459,882 Calle Morelos
Mexico,Baja California,Mexicali,21039,629 Calle Independencia
Mexico,Sonora,Magdalena,84174,507 Avenida Reforma
Canada,Quebec,Griffintown (Includes Île Notre-Dame & Île Sainte-Hélène),H3C,960 Maple Street
Canada,Quebec,Longueuil Northeast,J4N,955 Queen Street
Mexico,Distrito Federal,Coyoacán,04310,477 Calle Morelos
Mexico,Michoacán de Ocampo,Zamora,59620,964 Avenida Juarez
Mexico,Chihuahua,Guachochi,33190,6 Calle Independencia
Mexico,Chihuahua,Guadalupe y Calvo,33477,565 Calle Hidalgo
Mexico,Zacatecas,Guadalupe,98615,253 Calle Morelos
Mexico,Michoacán de Ocampo,Morelia,58280,733 Avenida Universidad
Mexico,Sonora,Cajeme,85209,861 Calle Morelos
Mexico,Querétaro,Querétaro,76116,363 Avenida Juarez
Mexico,Chihuahua,Juárez,32409,473 Avenida Insurgentes
Mexico,Chiapas,Altamirano,30195,123 Calle Morelos
Mexico,Veracruz de Ignacio de la Llave,Córdoba,94650,43 Avenida Reforma
Mexico,Jalisco,Puerto Vallarta,48328,840 Avenida Universidad
Mexico,Jalisco,Villa Guerrero,46123,929 Calle Hidalgo
Canada,Quebec,Parc-Extension,H3N,254 River Road
Canada,Ontario,Cambridge East,N1T,690 Lake Street
Mexico,Puebla,Zacatlán,73310,799 Calle Morelos
Mexico,Nayarit,Bahía de Banderas,63729,990 Avenida Insurgentes
Canada,Quebec,Downtown Montreal Southeast,H3G,325 Queen Street
Canada,Ontario,Lake Simcoe North Shore (Coldwater),L0K,220 Maple Street
Mexico,Baja California,Ensenada,22880,9 Calle Allende
Mexico,México,Ecatepec de Morelos,55066,501 Calle Morelos
Canada,Quebec,Cartierville Northeast,H3M,636 First Avenue
Mexico,Veracruz de Ignacio de la Llave,Tuxpan,92770,609 Calle Independencia
Mexico,Zacatecas,Jerez,99344,966 Avenida Insurgentes
Mexico,Baja California Sur,La Paz,23080,305 Calle Hidalgo
Canada,Ontario,Kitchener East,N2A,492 Main Street
Mexico,Hidalgo,Santiago Tulantepec de Lugo Guerrero,43767,992 Avenida Reforma
Mexico,Hidalgo,Cuautepec de Hinojosa,43740,729 Calle Independencia
Canada,Quebec,Quebec City Northwest,G2C,214 Park Avenue
Canada,British Columbia,North Vancouver East Central,V7J,858 First Avenue
Canada,Quebec,Saint-Jérôme West,J5L,27 Lake Street
Canada,Quebec,Chibougamau,G8P,599 Main Street
Canada,Quebec,Métabetchouan-Lac-a-la-Croix,G8G,130 First Avenue
Mexico,México,Atlautla,56973,484 Calle Independencia
Canada,Ontario,Gloucester (Beacon Hill / Cyrville),K1J,620 Queen Street
Mexico,Michoacán de Ocampo,Aquila,60893,64 Avenida Reforma
Mexico,Sonora,Hermosillo,83303,715 Avenida Central
Canada,Quebec,Vaudreuil-Soulanges (Coteau-du-Lac),J0P,104 Cedar Road
Canada,Quebec,Terrebonne Southwest,J6Y,756 Lake Street
Canada,Quebec,Gaspésie-Sud (New Richmond),G0C,814 Queen Street
Canada,Ontario,Kawartha lakes and Haliburton County (Bobcaygeon),K0M,356 Main Street
Mexico,Veracruz de Ignacio de la Llave,Pánuco,93994,633 Calle Allende
Mexico,México,Teotihuacán,55807,725 Avenida Universidad
Mexico,Michoacán de Ocampo,Tiquicheo de Nicolás Romero,61396,655 Calle Hidalgo
Canada,Ontario,Brampton South,L6Y,857 King Street
Mexico,Chihuahua,Guachochi,33187,10 Avenida Universidad
Mexico,Durango,Nombre de Dios,34847,237 Avenida Universidad
Canada,Ontario,Sault Ste. Marie Central,P6B,889 River Road
Mexico,Nuevo León,Monterrey,64006,728 Calle Zaragoza
Mexico,Sonora,Magdalena,84175,433 Calle Zaragoza
Canada,Ontario,Thunder Bay West,P7K,160 King Street
Canada,Ontario,Pickering South,L1W,470 Oak Street
Mexico,Guerrero,Tetipac,40373,168 Calle Hidalgo
Canada,Ontario,Georgian Bay Southwest Shore (Dundalk),N0C,261 Maple Street
Canada,Ontario,Nepean East,K2E,666 Lake Street
Mexico,Chihuahua,Chihuahua,31350,141 Avenida Juarez
Mexico,Morelos,Tlaquiltenango,62987,11 Calle Morelos
Mexico,Veracruz de Ignacio de la Llave,Soledad de Doblado,94243,397 Calle Morelos
Canada,Alberta,Wainwright,T9W,72 Park Avenue
Mexico,Michoacán de Ocampo,Tarímbaro,58883,322 Avenida Central
Canada,Quebec,LaSalle Southeast,H8P,84 Park Avenue
Canada,Manitoba,North Interlake (Stonewall),R0C,639 Lake Street
Mexico,Chiapas,Cintalapa,30407,823 Avenida Insurgentes
Canada,Ontario,Milton,L9T,744 King Street
Canada,Quebec,Mercier North,H1L,667 King Street
Mexico,Morelos,Cuernavaca,62324,528 Calle Independencia
Canada,Quebec,Rouyn-Noranda North,J9Y,811 King Street
Canada,Alberta,Edmonton West (West Jasper Place / West Edmonton Mall),T5T,252 River Road
Mexico,Oaxaca,San Gabriel Mixtepec,71970,294 Avenida Universidad
Mexico,Veracruz de Ignacio de la Llave,Omealca,94900,307 Avenida Universidad
Mexico,Michoacán de Ocampo,Cojumatlán de Régules,59143,815 Avenida Insurgentes
Mexico,Veracruz de Ignacio de la Llave,Hidalgotitlán,96931,550 Calle Independencia
Canada,Saskatchewan,Saskatoon South Central,S7J,112 Maple Street
Canada,Ontario,Central Toronto (The Annex / North Midtown / Yorkville),M5R,766 First Avenue
Mexico,Jalisco,Villa Guerrero,46100,548 Calle Zaragoza
Mexico,México,Toluca,50110,55 Calle Zaragoza
Canada,British Columbia,Surrey South,V4P,791 River Road
Mexico,Nuevo León,Salinas Victoria,65520,563 Avenida Juarez
Mexico,Oaxaca,Santa María Tonameca,70944,72 Calle Independencia
Mexico,Sonora,Agua Prieta,84313,721 Avenida Central
Mexico,México,Metepec,52154,346 Calle Morelos
Canada,Quebec,Métabetchouan-Lac-a-la-Croix,G8G,847 Queen Street
Mexico,Veracruz de Ignacio de la Llave,Poza Rica de Hidalgo,93210,336 Avenida Reforma
Canada,Ontario,La Salle West,N9J,38 Main Street
Canada,Ontario,Petawawa,K8H,586 Lake Street
Canada,Ontario,La Salle West,N9J,495 Oak Street
Canada,British Columbia,Vancouver (South Grandview-Woodlands / NE Kensington),V5N,536 River Road
Mexico,Veracruz de Ignacio de la Llave,Zaragoza,96324,480 Avenida Juarez
Canada,New Brunswick,Millville,E6E,581 Maple Street
Mexico,Chiapas,Tuxtla Gutiérrez,29014,736 Calle Independencia
Canada,Ontario,Gloucester (West Orleans),K1C,252 Lake Street
Canada,Alberta,Medicine Hat North,T1C,496 Cedar Road
Canada,Quebec,Rivière-du-Loup,G5R,486 Lake Street
Canada,British Columbia,Vancouver (Bentall Centre),V7X,380 Cedar Road
Mexico,Chihuahua,Saucillo,33633,275 Avenida Insurgentes
Mexico,Chiapas,Villaflores,30479,31 Calle Independencia
Mexico,Baja California,Playas de Rosarito,22703,254 Avenida Insurgentes
Canada,New Brunswick,Belledune,E8G,487 Cedar Road
Mexico,Michoacán de Ocampo,La Piedad,59386,421 Calle Morelos
Mexico,Querétaro,Querétaro,76197,720 Avenida Insurgentes
Mexico,San Luis Potosí,Ciudad Valles,79255,486 Avenida Insurgentes
Mexico,Veracruz de Ignacio de la Llave,Ozuluama de Mascareñas,92090,205 Calle Independencia
Mexico,México,Luvianos,51443,997 Calle Independencia
Canada,Quebec,Sainte-Foy Southeast,G1W,869 Lake Street
Canada,Quebec,Akwesasne Region (Akwesasne),H0M,745 Maple Street
Mexico,Chiapas,Motozintla,30914,841 Avenida Central
Mexico,Chihuahua,Guachochi,33197,417 Calle Zaragoza
Canada,Ontario,East Toronto (India Bazaar / The Beaches West),M4L,163 Park Avenue
Mexico,Chiapas,San Cristóbal de las Casas,29299,275 Calle Morelos
Mexico,Jalisco,Tototlán,47743,663 Avenida Universidad
Canada,British Columbia,Nanaimo North,V9T,471 Cedar Road
Canada,New Brunswick,Tracadie-Sheila,E1X,320 Lake Street
Mexico,México,Naucalpan de Juárez,53530,953 Calle Hidalgo
Canada,Quebec,Les Îles-De-La-Madeleine,G4T,733 First Avenue
Mexico,Durango,Cuencamé,35834,603 Calle Hidalgo
Canada,Prince Edward Island,Charlottetown North,C1C,934 Park Avenue
Canada,Newfoundland and Labrador,St. John's Southwest,A1H,539 Maple Street
Canada,Manitoba,Winnipeg (Seven Oaks West),R2P,686 River Road
Mexico,Veracruz de Ignacio de la Llave,San Rafael,93623,438 Avenida Central
Canada,Quebec,Greenfield Park,J4V,419 Main Street
Canada,British Columbia,Central Okanagan and High Country (Revelstoke),V0E,588 Maple Street
Canada,Quebec,Varennes,J3X,791 Oak Street
Mexico,Nuevo León,García,66033,778 Avenida Universidad
Canada,Ontario,London (South White Oaks / Central Westminster / East Longwoods / West Brockley),N6E,415 Main Street
Canada,Ontario,Waterloo Southeast,N2J,560 Lake Street
Mexico,Zacatecas,Ojocaliente,98715,909 Avenida Universidad
Canada,Nova Scotia,Bridgewater,B4V,522 Main Street
Mexico,Sonora,Agua Prieta,84306,463 Calle Independencia
Mexico,Sonora,Cananea,84630,549 Avenida Universidad
Mexico,Hidalgo,Tianguistengo,43293,21 Avenida Juarez
Mexico,Coahuila de Zaragoza,Morelos,26506,203 Avenida Central
Canada,Quebec,Terrebonne East,J6V,544 Maple Street
Canada,Alberta,Grande Prairie East,T8X,372 King Street
Mexico,Tamaulipas,Matamoros,87444,411 Avenida Juarez
Mexico,Guanajuato,Valle de Santiago,38415,144 Avenida Insurgentes
Canada,New Brunswick,Hampton,E5N,764 Main Street
Canada,Nova Scotia,Lantz,B2S,860 Park Avenue
Canada,Quebec,Saint-Basile-Le-Grand,J3N,631 Park Avenue
Mexico,Chihuahua,Chínipas,33366,691 Calle Morelos
Mexico,Morelos,Tetela del Volcán,62804,258 Calle Morelos
Mexico,Morelos,Cuernavaca,62323,82 Calle Allende
Canada,Nova Scotia,Yarmouth,B5A,559 River Road
Canada,Ontario,King City,L7B,302 Oak Street
Mexico,Aguascalientes,Jesús María,20928,492 Calle Independencia
Canada,Quebec,Bromont,J2L,262 First Avenue
Canada,Saskatchewan,Regina Northeast,S4Z,843 Maple Street
Canada,Ontario,Brantford Northwest,N3V,984 Lake Street
Canada,Quebec,Centre-Sud North,H2K,224 Main Street
Canada,British Columbia,Salmon Arm,V1E,826 Maple Street
Canada,New Brunswick,Brantville,E9H,405 Oak Street
Mexico,Hidalgo,Tepehuacán de Guerrero,43127,360 Calle Allende
Mexico,Michoacán de Ocampo,Venustiano Carranza,59160,301 Avenida Reforma
Canada,Quebec,Mont-Joli,G5H,177 First Avenue
Mexico,Sonora,San Miguel de Horcasitas,83364,789 Avenida Central
Mexico,Chihuahua,Balleza,33575,674 Avenida Insurgentes
Canada,British Columbia,North Vancouver East Central,V7J,454 Lake Street
Mexico,Nayarit,Ahuacatlán,63935,449 Calle Morelos
Mexico,Yucatán,Tahdziú,97946,999 Avenida Juarez
Mexico,Tamaulipas,Reynosa,88796,246 Avenida Universidad
Mexico,México,Amatepec,51533,412 Calle Hidalgo
Mexico,Veracruz de Ignacio de la Llave,Hidalgotitlán,96941,122 Calle Allende
Canada,Quebec,Plateau Mont-Royal North,H2H,83 Queen Street
Canada,Saskatchewan,Regina Outer Northwest,S4Y,150 Main Street
Mexico,Michoacán de Ocampo,Huetamo,61940,35 Calle Allende
Mexico,Nuevo León,Linares,67716,443 Calle Morelos
Canada,Ontario,Kitchener North Central,N2H,918 Maple Street
Canada,British Columbia,Saltspring Island,V8K,539 Queen Street
Mexico,México,Cuautitlán,54878,864 Calle Morelos
Mexico,San Luis Potosí,Tamazunchale,79980,47 Calle Zaragoza
Canada,Ontario,Scarborough (Rouge Hill / Port Union / Highland Creek),M1C,329 First Avenue
Mexico,Puebla,Puebla,72498,555 Avenida Juarez
Canada,Quebec,Rivière-Des-Prairies Southwest,H1E,251 Oak Street
Canada,Alberta,Edmonton (West Mill Woods),T6K,74 Cedar Road
Canada,British Columbia,New Westminster Southwest (Includes Annacis Island),V3M,495 Oak Street
Canada,British Columbia,Vancouver (Bentall Centre),V7X,831 King Street
Canada,Nova Scotia,Halifax Upper Harbour,B3K,506 Main Street
Canada,Quebec,Saint-Laurent Southwest,H4S,158 Lake Street
Canada,British Columbia,Vancouver (Killarney),V5S,414 Queen Street
Canada,Ontario,Barrie,L9X,163 River Road
Mexico,Colima,Manzanillo,28278,665 Avenida Central
Mexico,Tamaulipas,Nuevo Laredo,88293,384 Avenida Universidad
Canada,Saskatchewan,Saskatoon West,S7L,53 Cedar Road
Canada,Quebec,Cap-de-la-Madeleine Central and southeast,G8T,179 Park Avenue
Mexico,Chihuahua,Ocampo,33333,108 Calle Allende
Mexico,Jalisco,Zapotiltic,49603,284 Avenida Juarez
Canada,Manitoba,Winnipeg (Inkster West),R2R,33 Oak Street
Mexico,Oaxaca,Loma Bonita,68402,246 Calle Hidalgo
Mexico,México,Morelos,50554,790 Avenida Universidad
Mexico,Sonora,Cajeme,85218,239 Calle Independencia
Mexico,Veracruz de Ignacio de la Llave,Tantima,92435,79 Avenida Insurgentes
Mexico,Michoacán de Ocampo,Morelia,58350,652 Calle Independencia
Mexico,Guanajuato,Valle de Santiago,38426,487 Avenida Reforma
Canada,Ontario,Etobicoke (South Steeles / Silverstone / Humbergate / Jamestown / Mount Olive / Beaumond Heights / Thistletown / Albion Gardens),M9V,112 River Road
Mexico,Michoacán de Ocampo,Carácuaro,61924,609 Avenida Central
Canada,Nova Scotia,Marion Bridge,B1K,153 River Road
Canada,Quebec,Sainte-Agathe-Des-Monts,J8C,268 Lake Street
Canada,Alberta,Edmonton (North Jasper Place),T5P,872 Oak Street
Canada,Alberta,Calgary (Cranston),T3M,583 First Avenue
Mexico,Durango,Durango,34330,47 Avenida Universidad
Canada,Alberta,Calgary (Dalhousie / Edgemont / Hamptons / Hidden Valley),T3A,354 Lake Street
Mexico,Hidalgo,Cuautepec de Hinojosa,43749,276 Calle Hidalgo
Mexico,México,Almoloya de Juárez,50946,7 Calle Morelos
Mexico,Oaxaca,San Antonio Huitepec,71306,349 Calle Morelos
Canada,Quebec,Lachute,J8H,954 Main Street
Mexico,Veracruz de Ignacio de la Llave,Tlalixcoyan,95226,78 Calle Hidalgo
Mexico,Yucatán,Tekit,97683,245 Calle Allende
Canada,Quebec,Pointe-Saint-Charles,H3K,995 Cedar Road
Mexico,Puebla,Puebla,72040,404 Avenida Reforma
Mexico,Chihuahua,Guachochi,33188,238 Avenida Universidad
Canada,New Brunswick,Belledune,E8G,335 Oak Street
Mexico,San Luis Potosí,Guadalcázar,78894,847 Calle Independencia
Canada,Ontario,Barrie North,L4M,614 Maple Street
Canada,Nova Scotia,Waverley,B2R,907 Lake Street
Canada,Saskatchewan,Lloydminster,S9V,329 Oak Street
Mexico,Tlaxcala,Cuapiaxtla,90563,401 Calle Hidalgo
Mexico,México,Aculco,50370,844 Avenida Central
Mexico,Guerrero,Azoyú,41916,430 Avenida Universidad
Mexico,Chiapas,La Independencia,30173,26 Calle Hidalgo
Mexico,Sonora,Cajeme,85200,622 Calle Morelos
Mexico,Distrito Federal,Iztapalapa,09630,440 Calle Independencia
Mexico,Puebla,Tlapacoya,73282,733 Calle Allende
Canada,Ontario,Aylmer,N5H,42 Queen Street
Mexico,Sonora,Fronteras,84326,249 Avenida Universidad
Canada,Quebec,Degelis,G5T,669 Park Avenue
Mexico,Durango,Gómez Palacio,35049,580 Calle Allende
Mexico,Puebla,Chilchotla,75070,288 Calle Morelos
Canada,Quebec,Buckingham,J8L,939 Park Avenue
Mexico,Querétaro,Querétaro,76085,640 Avenida Universidad
Mexico,Guanajuato,Abasolo,36986,634 Calle Zaragoza
Mexico,San Luis Potosí,Charcas,78580,214 Calle Zaragoza
Canada,Quebec,Villeray Northeast,H2E,300 Maple Street
Canada,Quebec,Sorel Central,J3P,131 King Street
Canada,Ontario,Holland Landing,L9N,304 Oak Street
Canada,Ontario,Orangeville North,L9V,471 Cedar Road
Mexico,Oaxaca,Santiago Pinotepa Nacional,71604,91 Calle Hidalgo
Canada,Quebec,Saint-Bruno,J3V,396 Queen Street
Mexico,Guerrero,Cochoapa el Grande,41666,201 Avenida Reforma
Canada,Ontario,Scarborough (Birch Cliff / Cliffside West),M1N,275 King Street
Mexico,Hidalgo,San Agustín Metzquititlán,43383,802 Avenida Reforma
Mexico,Michoacán de Ocampo,Ecuandureo,59730,822 Avenida Insurgentes
Canada,Ontario,Cambridge Southwest,N1S,115 Main Street
Mexico,Michoacán de Ocampo,Aguililla,60578,139 Calle Zaragoza
Canada,Ontario,Greater Sudbury (New Sudbury),P3A,806 Maple Street
Mexico,Tabasco,Jalapa,86864,192 Calle Morelos
Canada,Quebec,Pincourt,J7W,171 Park Avenue
Canada,Quebec,Cap-de-la-Madeleine Central and southeast,G8T,720 Main Street
Canada,Ontario,Gravenhurst,P1P,552 River Road
Mexico,Sonora,Cajeme,85207,169 Avenida Insurgentes
Mexico,Chihuahua,Aquiles Serdán,31650,648 Avenida Central
Mexico,Sonora,Navojoa,85830,395 Avenida Insurgentes
Mexico,Tamaulipas,Nuevo Laredo,88176,749 Calle Zaragoza
Canada,Ontario,Downtown Toronto (Rosedale),M4W,504 First Avenue
Mexico,Jalisco,Zapotlanejo,45435,337 Calle Zaragoza
Canada,Ontario,Brampton Northwest,L6R,818 Maple Street
Mexico,Baja California,Tijuana,22205,718 Calle Independencia
Canada,Quebec,Kirkland,H9J,164 Queen Street
Canada,British Columbia,Vernon West,V1H,126 Oak Street
Mexico,Morelos,Yautepec,62732,679 Calle Morelos
Canada,Alberta,Edmonton (Landbank / Oliver / East Lake District),T5Y,991 Queen Street
Canada,Ontario,Kirkland Lake,P2N,107 Maple Street
Canada,Manitoba,Cartier,R4K,841 First Avenue
Canada,Ontario,Rideau Lakes area (Kemptville),K0G,218 King Street
Mexico,Puebla,Puebla,72490,291 Avenida Reforma
Canada,Ontario,Gananoque,K7G,528 Main Street
Mexico,Durango,El Oro,35677,438 Calle Morelos
Mexico,Sinaloa,Navolato,80336,915 Avenida Reforma
Mexico,Morelos,Temixco,62586,457 Calle Hidalgo
Canada,British Columbia,Prince George North,V2K,573 Park Avenue
Mexico,Nuevo León,Apodaca,66635,71 Avenida Reforma
Mexico,Hidalgo,San Agustín Tlaxiaca,42162,170 Calle Zaragoza
Mexico,Querétaro,Corregidora,76908,208 Calle Morelos
Canada,Ontario,Hawkesbury,K6A,534 Cedar Road
Mexico,Nuevo León,Santa Catarina,66360,500 Calle Morelos
Mexico,Chihuahua,Guachochi,33187,200 Calle Independencia
Mexico,Veracruz de Ignacio de la Llave,Las Choapas,96986,248 Avenida Juarez
Mexico,Sonora,Cajeme,85205,875 Avenida Reforma
Mexico,Jalisco,Guadalajara,44800,379 Avenida Reforma
Canada,Alberta,Calgary (Bridgeland / Greenview / Zoo / YYC),T2E,319 Maple Street
Mexico,Guanajuato,Salamanca,36863,806 Avenida Central
Canada,British Columbia,Saanich North,V8Y,792 King Street
Mexico,Aguascalientes,Pabellón de Arteaga,20670,675 Avenida Reforma
Mexico,Tabasco,Macuspana,86736,779 Avenida Universidad
Mexico,Guanajuato,San Francisco del Rincón,36446,344 Avenida Reforma
Mexico,Morelos,Tepoztlán,62520,319 Calle Morelos
Mexico,Michoacán de Ocampo,Turicato,61688,153 Avenida Central
Mexico,Veracruz de Ignacio de la Llave,Coatepec,91529,965 Avenida Insurgentes
Mexico,Nuevo León,San Nicolás de los Garza,66484,364 Calle Zaragoza
Canada,New Brunswick,Pennfield,E5H,38 Park Avenue
Canada,Nova Scotia,Sydney Central,B1S,491 River Road
Canada,Quebec,Bas-St-Laurent-Ouest (Trois-Pistoles),G0L,580 Lake Street
Canada,New Brunswick,Saint-Antoine,E4V,577 Lake Street
Canada,Ontario,Etobicoke (South Steeles / Silverstone / Humbergate / Jamestown / Mount Olive / Beaumond Heights / Thistletown / Albion Gardens),M9V,951 King Street
Canada,British Columbia,Pitt Meadows,V3Y 0H2,736 Lake Street
Canada,British Columbia,Saanich Central,V8Z,194 King Street
Canada,Nova Scotia,Dartmouth North Central,B2X,683 Maple Street
Canada,Ontario,Oakville North,L6H,870 Park Avenue
Mexico,Sonora,Cajeme,85203,13 Avenida Reforma
Canada,Quebec,Roberval,G8H,914 Main Street
Canada,Manitoba,South Central Manitoba (Altona),R0G,309 Lake Street
Mexico,San Luis Potosí,Santo Domingo,78638,480 Avenida Insurgentes
Canada,Quebec,Mascouche Extremities,J7K,969 First Avenue
Mexico,Jalisco,Guadalajara,44690,778 Calle Independencia
Canada,Ontario,Scarborough (Kennedy Park / Ionview / East Birchmount Park),M1K,730 Park Avenue
Mexico,Querétaro,Landa de Matamoros,76395,535 Avenida Insurgentes
Mexico,Oaxaca,San Pablo Villa de Mitla,70430,521 Avenida Insurgentes
Mexico,Veracruz de Ignacio de la Llave,Tezonapa,95090,79 Calle Independencia
Mexico,Chiapas,Cintalapa,30417,986 Calle Allende
Mexico,Durango,Tamazula,34595,11 Calle Independencia
Canada,Ontario,Kitchener Central,N2G,936 Lake Street
Mexico,San Luis Potosí,Aquismón,79767,838 Calle Morelos
Canada,Prince Edward Island,Charlottetown North,C1C,716 Main Street
Canada,Alberta,Calgary (Bridgeland / Greenview / Zoo / YYC),T2E,742 Cedar Road
Mexico,San Luis Potosí,El Naranjo,79314,614 Calle Independencia
Canada,Quebec,Saint-Jean-sur-Richelieu North,J3A,407 Cedar Road
Canada,New Brunswick,Kingsclear,E3E,871 Cedar Road
Canada,New Brunswick,Rothesay,E2E,291 Queen Street
Mexico,Campeche,Carmen,24158,407 Avenida Reforma
Mexico,Sonora,Hermosillo,83334,597 Calle Allende
Canada,Quebec,Chaudière-Sud (Disraeli),G0N,711 Maple Street
Canada,Ontario,Ottawa (Lower Town / Sandy Hill / University of Ottawa),K1N,244 King Street
Canada,Ontario,Stratford South,N4Z,927 River Road
Mexico,Guanajuato,León,37438,17 Calle Hidalgo
Canada,Quebec,Terrebonne Southwest,J6Y,598 Oak Street
Canada,Ontario,Goderich,N7A,703 Maple Street
Mexico,Hidalgo,San Agustín Tlaxiaca,42162,336 Calle Morelos
Canada,Ontario,Brampton Northwest,L6R,40 River Road
Mexico,Campeche,Tenabo,24733,495 Calle Independencia
Canada,Nova Scotia,Halifax South,B3R,189 Main Street
Canada,British Columbia,Abbotsford Southwest,V2T,133 Maple Street
Canada,Ontario,Parry Sound South Shore (Kilworthy),P0E,544 Queen Street
Canada,British Columbia,Vancouver (Killarney),V5S,871 Maple Street
Canada,New Brunswick,Red Bank,E9E,128 King Street
Mexico,Chihuahua,Guachochi,33197,236 Avenida Insurgentes
Canada,Ontario,Collingwood,L9Y,927 Park Avenue
Canada,Alberta,Taber,T1G,981 Cedar Road
Mexico,Guerrero,Ajuchitlán del Progreso,40730,258 Avenida Insurgentes
Canada,Alberta,Edmonton (Landbank / Oliver / East Lake District),T5Y,528 King Street
Mexico,Michoacán de Ocampo,Chucándiro,58863,408 Avenida Juarez
Canada,New Brunswick,Lamèque,E8T,866 Lake Street
Mexico,Chiapas,Zinacantán,29360,734 Calle Independencia
Canada,Ontario,Innisfil,L9S,20 River Road
Mexico,Michoacán de Ocampo,Cojumatlán de Régules,59140,223 Calle Morelos
Canada,Ontario,Kingston (Downtown),K7L,214 River Road
Mexico,Oaxaca,Matías Romero Avendaño,70317,688 Calle Morelos
Mexico,Zacatecas,Jerez,99300,46 Calle Independencia
Mexico,México,Jilotepec,54275,453 Calle Independencia
Canada,Ontario,Downtown Toronto (St. James Park),M5C,834 Queen Street
Canada,Newfoundland and Labrador,Western Newfoundland (Lark Harbour),A0L,176 Maple Street
Mexico,Chiapas,Chamula,29333,942 Calle Independencia
Canada,Ontario,Brampton South,L6Y,959 Queen Street
Mexico,Durango,Santiago Papasquiaro,34625,499 Avenida Juarez
Mexico,Puebla,Puebla,72310,286 Avenida Universidad
Mexico,Tabasco,Jonuta,86782,822 Avenida Juarez
Canada,Alberta,Morinville,T8R,476 Maple Street
Canada,Quebec,Rouyn-Noranda North,J9Y,770 Main Street
Mexico,Guerrero,Acapulco de Juárez,39710,298 Avenida Reforma
Mexico,Jalisco,Tlajomulco de Zúñiga,45644,526 Calle Morelos
Mexico,Durango,Canelas,34534,770 Calle Zaragoza
Canada,British Columbia,Maple Ridge West,V2X,933 Park Avenue
Canada,Ontario,Caledon Village,L7K,512 Main Street
Mexico,Durango,Mezquital,34988,792 Calle Zaragoza
Canada,Ontario,St. Catharines Central,L2R,161 Main Street
Mexico,Yucatán,Kanasín,97370,234 Calle Morelos
Mexico,Hidalgo,Lolotla,43146,790 Avenida Juarez
Canada,British Columbia,Squamish,V8B,893 First Avenue
Mexico,Chiapas,Tapilula,29737,541 Avenida Insurgentes
Mexico,Chihuahua,Balleza,33573,412 Avenida Central
Mexico,Morelos,Jojutla,62907,503 Avenida Juarez
Canada,Quebec,Stoneham-et-Tewkesbury,G3C,285 Cedar Road
Mexico,Guanajuato,Manuel Doblado,36496,702 Avenida Central
Canada,Alberta,Airdrie East,T4A,689 Queen Street
Canada,Quebec,Pincourt,J7W,91 King Street
Mexico,Sinaloa,Ahome,81237,954 Calle Allende
Mexico,Sonora,Cananea,84636,511 Avenida Juarez
Mexico,México,Almoloya de Alquisiras,51864,385 Calle Zaragoza
Mexico,Michoacán de Ocampo,Hidalgo,61203,793 Avenida Universidad
Canada,Quebec,Matane,G4W,564 First Avenue
Mexico,Guerrero,Florencio Villarreal,41800,107 Calle Independencia
Mexico,Guanajuato,León,37510,800 Avenida Universidad
Canada,Nova Scotia,Dartmouth East Central,B2W,933 Lake Street
Canada,Quebec,Sainte-Foy West,G1X,758 River Road
Mexico,Hidalgo,Acatlán,43545,108 Calle Morelos
Canada,Quebec,Sherbrooke North,J1J,463 First Avenue
Canada,Quebec,Hull Southwest,J9A,618 River Road
Canada,Quebec,Louiseville,J5V,814 Park Avenue
Mexico,Querétaro,Cadereyta de Montes,76534,469 Avenida Juarez
Mexico,San Luis Potosí,San Ciro de Acosta,79697,670 Avenida Universidad
Canada,Quebec,Saint-Georges Southeast,G5Z,357 Oak Street
Mexico,Coahuila de Zaragoza,Saltillo,25069,67 Calle Zaragoza
Mexico,Colima,Manzanillo,28877,270 Avenida Juarez
Canada,Newfoundland and Labrador,St. John's South,A1G,644 Maple Street
Mexico,Guerrero,Chilpancingo de los Bravo,39126,223 Avenida Universidad
Mexico,Nuevo León,Monterrey,64720,858 Avenida Reforma
Canada,Ontario,Port Colborne,L3K,359 River Road
Mexico,Guanajuato,San Francisco del Rincón,36449,107 Calle Hidalgo
Mexico,Guerrero,Acapulco de Juárez,39499,944 Avenida Reforma
Mexico,Guanajuato,Silao de la Victoria,36158,975 Avenida Insurgentes
Canada,Quebec,Joliette,J6E,344 Oak Street
Canada,British Columbia,Atlin Region (Atlin),V0W,663 Lake Street
Canada,Manitoba,Northern Manitoba (Norway House),R0B,647 Oak Street
Mexico,Michoacán de Ocampo,Morelia,58352,300 Avenida Reforma
Mexico,Durango,Tamazula,34575,184 Calle Independencia
Canada,Ontario,Oakville West,L6M,578 Oak Street
Mexico,Oaxaca,Asunción Nochixtlán,69607,298 Calle Independencia
Canada,British Columbia,Terrace,V8G,974 Queen Street
Mexico,Aguascalientes,Jesús María,20970,207 Avenida Juarez
Mexico,Chiapas,Tonalá,30500,844 Avenida Central
Mexico,México,Nicolás Romero,54460,147 Avenida Insurgentes
Canada,British Columbia,Northern British Columbia (Fort Nelson),V0C,387 Oak Street
Canada,Quebec,Lac-Megantic,G6B,563 Cedar Road
Mexico,Zacatecas,Sombrerete,99106,233 Avenida Insurgentes
Canada,Quebec,Saint-Pierre,H8R,109 King Street
Canada,Newfoundland and Labrador,Carbonear,A1Y,130 First Avenue
Canada,Quebec,Laterrière,G7N,374 Oak Street
Canada,Alberta,Red Deer South,T4R,707 Maple Street
Canada,Quebec,Saint-Michel East,H2A,319 Cedar Road
Canada,Alberta,Edmonton (West Mill Woods),T6K,594 Queen Street
Mexico,Sonora,Bácum,85275,60 Avenida Central
Mexico,Chiapas,Chamula,29320,699 Calle Zaragoza
Mexico,Sonora,Cajeme,85207,914 Calle Independencia
Canada,Ontario,Hamilton (Raleigh / Macassa / Lawfield / Thorner / Burkholme / Eastmount),L8V,745 Queen Street
Mexico,Sonora,Empalme,85525,9 Calle Morelos
Mexico,México,Ixtapaluca,56586,57 Calle Independencia
Mexico,Durango,Tamazula,34596,237 Calle Zaragoza
Canada,Ontario,South Leeds and Grenville United Counties (Prescott),K0E,925 Lake Street
Mexico,Veracruz de Ignacio de la Llave,Tantoyuca,92105,45 Calle Independencia
Mexico,Zacatecas,Ojocaliente,98707,256 Avenida Insurgentes
Canada,Ontario,Brantford Southwest,N3T,18 Queen Street
Mexico,México,Aculco,50383,380 Avenida Universidad
Mexico,Sinaloa,Cosalá,80770,398 Avenida Reforma
Mexico,Nayarit,Compostela,63722,188 Avenida Reforma
Canada,Manitoba,Winkler,R6W,666 Park Avenue
Mexico,Hidalgo,Pachuca de Soto,42083,140 Calle Hidalgo
Mexico,Tlaxcala,Atlangatepec,90416,724 Calle Allende
Mexico,Tlaxcala,Natívitas,90722,757 Avenida Universidad
Mexico,Hidalgo,Huejutla de Reyes,43018,435 Avenida Universidad
Mexico,Durango,Pueblo Nuevo,34955,416 Avenida Universidad
Canada,Ontario,Kitchener North,N2K,11 Oak Street
Mexico,Tamaulipas,Tula,87925,598 Avenida Insurgentes
Mexico,Guanajuato,Comonfort,38205,406 Avenida Reforma
Canada,Quebec,Saint-Colomban,J5K,640 Park Avenue
Mexico,Chihuahua,Cuauhtémoc,31560,884 Avenida Insurgentes
Mexico,México,Atizapán de Zaragoza,52936,313 Avenida Universidad
Canada,New Brunswick,Belledune,E8G,62 Lake Street
Canada,Saskatchewan,Southeastern Saskatchewan (Carlyle),S0C,398 Park Avenue
Canada,Quebec,Magog,J1X,232 River Road
Canada,Ontario,North Bay South,P1A,692 First Avenue
Mexico,Sonora,Hermosillo,83357,810 Avenida Reforma
Mexico,Nayarit,Tepic,63517,8 Avenida Universidad
Canada,Nova Scotia,Amherst,B4H,72 King Street
Canada,New Brunswick,Minto,E4B,348 First Avenue
Mexico,Chihuahua,Hidalgo del Parral,33886,962 Avenida Juarez
Mexico,Hidalgo,Ixmiquilpan,42302,974 Avenida Universidad
Canada,Ontario,Ancaster West,L9G,987 Queen Street
Canada,Manitoba,Eastern Manitoba (Beausejour),R0E,729 Lake Street
Canada,Quebec,Saint-Hubert West,J4T,163 Cedar Road
Mexico,Veracruz de Ignacio de la Llave,Atoyac,94968,571 Calle Morelos
Mexico,México,San Mateo Atenco,52100,148 Avenida Reforma
Canada,Quebec,Valleyfield,J7X,459 Maple Street
Canada,Quebec,Sainte-Foy Northeast,G1V,422 Lake Street
Mexico,Guerrero,Acapulco de Juárez,39774,603 Avenida Insurgentes
Mexico,Puebla,Puebla,72260,481 Calle Hidalgo
Canada,Quebec,Montreal North North,H1G,640 Main Street
Mexico,Guanajuato,Abasolo,36986,802 Calle Zaragoza
Mexico,Querétaro,El Marqués,76246,903 Avenida Insurgentes
Canada,British Columbia,Coquitlam North,V3J,732 Maple Street
Canada,Quebec,Charlesbourg South,G1H,295 First Avenue
Mexico,Durango,Durango,34357,96 Avenida Central
Canada,Ontario,Nepean (Fallowfield Village / Cedarhill Estates / Orchard Estates),K2R,176 River Road
Mexico,Chiapas,San Cristóbal de las Casas,29265,617 Avenida Universidad
Mexico,Nuevo León,Guadalupe,67170,366 Avenida Central
Canada,Quebec,Sorel Central,J3P,820 Lake Street
Canada,Ontario,Thunder Bay North Central,P7B,458 Oak Street
Mexico,Puebla,Puebla,72574,486 Avenida Insurgentes
Canada,British Columbia,Prince George South,V2N,796 Park Avenue
Canada,Alberta,Sherwood Park Inner Southwest,T8C,333 Cedar Road
Canada,Ontario,West Northumberland County (Millbrook),L0A,454 King Street
Mexico,Nuevo León,San Pedro Garza García,66236,718 Calle Morelos
Canada,Quebec,Rouyn-Noranda South,J9X,620 Cedar Road
Mexico,Chihuahua,Guachochi,33196,65 Calle Zaragoza
Canada,Quebec,La Plaine,J7M,462 King Street
Mexico,Chiapas,Mazatán,30651,769 Avenida Juarez
Canada,British Columbia,Coquitlam South,V3K,550 Maple Street
Mexico,Guanajuato,Purísima del Rincón,36433,178 Avenida Reforma
Canada,Quebec,Chelsea,J9B,480 Oak Street
Canada,Quebec,Dorval Central,H4Y,200 Main Street
Mexico,Chihuahua,Guadalupe y Calvo,33485,829 Avenida Central
Mexico,Puebla,Puebla,72480,734 Avenida Universidad
Mexico,Veracruz de Ignacio de la Llave,Veracruz,91817,770 Avenida Juarez
Canada,Alberta,Calgary (Sandstone / Harvest Hills / Coventry Hills / Panorama Hills / Beddington),T3K,33 Queen Street
Mexico,Guerrero,Acapulco de Juárez,39620,734 Avenida Central
Mexico,Guanajuato,Cortazar,38499,872 Avenida Universidad
Canada,Ontario,West Durham Regional Municipality (Sunderland),L0C,848 Queen Street
Mexico,Morelos,Tlaltizapán de Zapata,62772,266 Avenida Central
Mexico,Distrito Federal,Benito Juárez,03023,194 Avenida Juarez
Canada,Ontario,Whitby Southeast,L1N,837 First Avenue
Canada,Ontario,Kincardine,N2Z,913 Cedar Road
Canada,Saskatchewan,Rm Of Sherwood,S4K,571 Queen Street
Canada,Newfoundland and Labrador,St. John's North Central,A1C,208 King Street
Canada,Ontario,West Toronto (Brockton / Parkdale Village / Exhibition Place),M6K,139 Lake Street
Mexico,Coahuila de Zaragoza,Monclova,25718,826 Avenida Central
Mexico,Yucatán,Valladolid,97784,210 Calle Independencia
Mexico,Veracruz de Ignacio de la Llave,Chontla,92220,189 Avenida Central
Canada,Quebec,Villeray Northeast,H2E,610 Cedar Road
Mexico,Quintana Roo,Bacalar,77916,687 Calle Allende
Mexico,Veracruz de Ignacio de la Llave,Boca del Río,94293,869 Avenida Reforma
Canada,Quebec,Trois-Rivières South,G9B,329 King Street
Canada,Quebec,Mercier West,H1M,299 Maple Street
Canada,British Columbia,Oak Bay South,V8S,169 River Road
Canada,Ontario,Niagara Falls Central,L2E,820 Main Street
Canada,Ontario,Burlington North,L7M,482 Cedar Road
Mexico,Morelos,Tlalnepantla,62530,134 Avenida Reforma
Canada,Ontario,Halton Regional Municipality (Campbellville),L0P,197 Main Street
Canada,Manitoba,Northern Manitoba (Norway House),R0B,273 First Avenue
Canada,Ontario,Peterborough (Fairbairn Meadows / Jackson Heights),K9K,995 Maple Street
Canada,Saskatchewan,Saskatoon,S7W,850 Lake Street
Mexico,Chihuahua,Guachochi,33190,871 Avenida Insurgentes
Mexico,Guerrero,Chilpancingo de los Bravo,39058,16 Calle Independencia
Mexico,Guanajuato,Dolores Hidalgo Cuna de la Independencia Nacional,37806,26 Avenida Insurgentes
Canada,New Brunswick,Deer Island,E5V,705 Oak Street
Mexico,Aguascalientes,Calvillo,20802,269 Avenida Reforma
Mexico,Guanajuato,León,37128,754 Avenida Reforma
Mexico,Morelos,Cuernavaca,62270,217 Avenida Reforma
Mexico,Zacatecas,Zacatecas,98018,175 Avenida Juarez
Canada,Manitoba,Winnipeg (Grassie / Pequis),R3W,574 First Avenue
Canada,British Columbia,Saanich South,V8X,510 Oak Street
Canada,Ontario,Don Mills North,M3B,418 Queen Street
Canada,Quebec,Baie-Saint-Paul,G3Z,908 Park Avenue
Mexico,Nuevo León,Apodaca,66633,233 Avenida Juarez
Mexico,Tabasco,Balancán,86976,686 Calle Independencia
Canada,British Columbia,Surrey Lower West,V3X,729 River Road
Mexico,Michoacán de Ocampo,Chinicuila,60823,136 Avenida Reforma
Canada,Quebec,Saint-Élie-d'Orford,J1R,51 Cedar Road
Canada,Quebec,Aylmer North,J9J,963 Cedar Road
Mexico,Sonora,Alamos,85777,301 Avenida Reforma
Mexico,Tamaulipas,Victoria,87028,586 Avenida Universidad
Mexico,Durango,Nuevo Ideal,34425,917 Calle Independencia
Canada,Nova Scotia,Halifax North West Arm,B3P,243 Oak Street
Mexico,Morelos,Jiutepec,62563,875 Avenida Insurgentes
Canada,Ontario,Port Perry,L9L,746 River Road
Mexico,Chihuahua,Guachochi,33197,529 Avenida Juarez
Mexico,Oaxaca,Villa Sola de Vega,71414,817 Calle Morelos
Mexico,Tabasco,Comalcalco,86640,397 Calle Allende
Mexico,Sinaloa,Badiraguato,80536,453 Avenida Insurgentes
Canada,Ontario,Kitchener South Central,N2C,317 River Road
Canada,Ontario,Guelph South,N1C,836 River Road
Mexico,Yucatán,Mérida,97168,472 Calle Allende
Canada,Ontario,Courtice,L1E,294 Park Avenue
Canada,Ontario,North York (Armour Heights / Wilson Heights / Downsview North),M3H,718 Oak Street
Canada,Quebec,LaSalle Northwest,H8N,204 Park Avenue
Mexico,Guanajuato,Valle de Santiago,38414,879 Avenida Universidad
Canada,Quebec,Villeray West,H2P,498 Queen Street
Mexico,Michoacán de Ocampo,Nahuatzen,60280,215 Calle Morelos
Canada,Quebec,Chibougamau,G8P,824 King Street
Mexico,Veracruz de Ignacio de la Llave,Coatzacoalcos,96536,238 Avenida Juarez
Canada,Quebec,Maniwaki,J9E,663 River Road
Canada,Quebec,Saint-Laurent Inner Northeast,H4L,708 Queen Street
Canada,Quebec,Mount Royal North,H3P,354 King Street
Mexico,Michoacán de Ocampo,Aquila,60874,806 Calle Independencia
Mexico,San Luis Potosí,San Ciro de Acosta,79690,728 Avenida Juarez
Mexico,Michoacán de Ocampo,Contepec,61046,440 Avenida Universidad
Mexico,Querétaro,San Juan del Río,76805,420 Calle Hidalgo
Mexico,Oaxaca,Salina Cruz,70670,310 Avenida Juarez
Mexico,Oaxaca,Miahuatlán de Porfirio Díaz,70805,221 Avenida Reforma
Canada,Alberta,Edmonton (Riverbend),T6R,468 River Road
Mexico,Jalisco,El Salto,45680,966 Calle Hidalgo
Mexico,Nuevo León,Monterrey,64160,37 Avenida Insurgentes
Mexico,Tabasco,Jalapa,86835,266 Avenida Reforma
Mexico,Chiapas,Copainalá,29627,19 Avenida Universidad
Canada,Ontario,Espanola,P5E,49 First Avenue
Canada,New Brunswick,Saint John Grandview,E2R,123 First Avenue
Mexico,Sonora,Cajeme,85214,80 Avenida Universidad
Mexico,Campeche,Carmen,24154,603 Calle Allende
Canada,Ontario,Cumberland,K4C,219 Maple Street
Mexico,Puebla,Puebla,72595,838 Calle Hidalgo
Mexico,Zacatecas,Sombrerete,99104,252 Avenida Central
Canada,Quebec,Sainte-Marie,G6E,453 King Street
Mexico,Nayarit,Tepic,63190,85 Calle Morelos
Canada,Nova Scotia,Isthmus of Chignecto (River Hébert),B0L,474 Park Avenue
Mexico,Tlaxcala,Atlangatepec,90416,536 Calle Zaragoza
Canada,Manitoba,Brandon Southwest,R7B,71 Park Avenue
Canada,Ontario,Mississauga (West Port Credit / Lorne Park / East Sheridan),L5H,454 First Avenue
Canada,Quebec,Kirkland,H9J,499 Cedar Road
Mexico,Querétaro,Pinal de Amoles,76314,925 Avenida Universidad
Canada,Saskatchewan,Saskatoon Northwest,S7R,3 King Street
Canada,Quebec,Jean-Talon Northeast,G2M,614 Queen Street
Mexico,Tlaxcala,San Pablo del Monte,90970,614 Avenida Central
Canada,Manitoba,Winnipeg (River East South),R2L,658 Park Avenue
Mexico,Baja California,Ensenada,22887,935 Calle Zaragoza
Canada,Manitoba,Winkler,R6W,527 Park Avenue
Canada,Manitoba,Winnipeg (St. Boniface NE),R2J,654 Oak Street
Canada,New Brunswick,Tracadie-Sheila,E1X,566 Oak Street
Mexico,Hidalgo,Atitalaquia,42970,971 Avenida Reforma
Canada,Quebec,Quebec City West,G1P,994 Queen Street
Canada,Alberta,Calgary South (Altadore / Bankview / Richmond),T2T,963 King Street
Canada,New Brunswick,Saint-Leonard,E7E,84 Park Avenue
Canada,Quebec,Gatineau Northwest,J8V,422 Park Avenue
Mexico,Baja California,Mexicali,21609,331 Avenida Insurgentes
Mexico,Jalisco,Jalostotitlán,47129,774 Avenida Reforma
Mexico,Guerrero,Huamuxtitlán,41205,446 Calle Zaragoza
Canada,Alberta,Red Deer North,T4P,421 Main Street
Mexico,Durango,Mapimí,35214,868 Avenida Insurgentes
Canada,Quebec,Pierrefonds,H8Z,382 King Street
Canada,New Brunswick,Bass River,E4T,649 King Street
Mexico,Morelos,Coatlán del Río,62616,182 Calle Hidalgo
Mexico,Michoacán de Ocampo,Chucándiro,58867,601 Calle Allende
Mexico,Coahuila de Zaragoza,Parras,27990,644 Avenida Central
Canada,Quebec,Saint-Michel West,H1Z,593 Maple Street
Mexico,Baja California,Tijuana,22127,78 Calle Hidalgo
Mexico,Hidalgo,San Felipe Orizatlán,43033,625 Calle Allende
Mexico,San Luis Potosí,El Naranjo,79317,755 Avenida Central
Canada,British Columbia,Squamish,V8B,577 Cedar Road
Canada,Nova Scotia,Yarmouth,B5A,847 Cedar Road
Mexico,Querétaro,Colón,76283,880 Calle Independencia
Canada,New Brunswick,Gagetown,E5M,94 Maple Street
Canada,Alberta,Edmonton (Meadows),T6T,819 Cedar Road
Mexico,Coahuila de Zaragoza,Morelos,26517,856 Calle Independencia
Canada,Nova Scotia,North Victoria County (Dingwall),B0C,876 River Road
Mexico,Oaxaca,Santa María Yucuhiti,71114,493 Calle Independencia
Canada,New Brunswick,Coverdale,E1J,572 First Avenue
Canada,British Columbia,Cariboo and West Okanagan (100 Mile House),V0K,82 Oak Street
Mexico,Puebla,Puebla,72595,676 Avenida Reforma
Canada,Nova Scotia,North Sydney South Central,B2A,576 River Road
Canada,Alberta,Medicine Hat Central,T1A,250 First Avenue
Mexico,Durango,Hidalgo,35320,393 Calle Morelos
Mexico,Baja California Sur,Los Cabos,23434,387 Avenida Universidad
Mexico,Chihuahua,Juárez,32550,950 Avenida Insurgentes
Canada,Ontario,Cochrane Region (Hearst),P0L,391 Park Avenue
Canada,British Columbia,Surrey Upper West,V3W,702 River Road
Canada,British Columbia,Vancouver (East Fairview / South Cambie),V5Z,244 Park Avenue
Mexico,Michoacán de Ocampo,Juárez,61573,59 Calle Morelos
Mexico,Veracruz de Ignacio de la Llave,Xalapa,91060,455 Avenida Reforma
Canada,Quebec,Mascouche Extremities,J7K,741 Maple Street
Canada,Manitoba,Winnipeg (River Heights Central),R3M,549 Queen Street
Mexico,San Luis Potosí,Ciudad Valles,79020,271 Avenida Insurgentes
Canada,Ontario,Wallaceburg,N8A,965 King Street
Canada,Saskatchewan,Regina,S4M,814 Oak Street
Canada,Ontario,Grimsby,L3M,394 Main Street
Mexico,Sinaloa,Sinaloa,81900,34 Avenida Juarez
Canada,Ontario,St. Catharines East,L2P,891 Maple Street
Mexico,Nayarit,Del Nayar,63536,646 Calle Morelos
Canada,Quebec,Sorel Southwest,J3R,736 Oak Street
Canada,Quebec,Saint-Léonard West,H1R,326 Queen Street
Mexico,Jalisco,Poncitlán,45964,834 Calle Hidalgo
Canada,New Brunswick,Allardville,E8L,856 River Road
Canada,Ontario,Dufferin County (Shelburne),L0N,49 Maple Street
Mexico,México,Amatepec,51534,370 Calle Allende
Mexico,Chihuahua,Chihuahua,31063,774 Avenida Central
Mexico,Coahuila de Zaragoza,Villa Unión,26605,526 Calle Zaragoza
Canada,Ontario,Dunnville,N1A,261 King Street
Mexico,Michoacán de Ocampo,Morelia,58096,430 Avenida Reforma
Canada,British Columbia,North Vancouver South Central,V7L,415 Queen Street
Mexico,Chihuahua,Guadalupe y Calvo,33490,527 Avenida Insurgentes
Mexico,Guanajuato,Valle de Santiago,38414,576 Calle Zaragoza
Canada,New Brunswick,Plaster Rock,E7G,986 Oak Street
Canada,Quebec,Rivière-du-Loup,G5R,258 First Avenue
Mexico,Puebla,Zacapoaxtla,73694,657 Calle Zaragoza
Mexico,Sonora,Alamos,85775,452 Avenida Reforma
Canada,New Brunswick,Hillsborough,E4H,831 Oak Street
Canada,Quebec,Saint-Luc,J2W,958 Cedar Road
Mexico,Chihuahua,Hidalgo del Parral,33823,808 Calle Hidalgo
Canada,Manitoba,Brandon Southeast,R7A,110 Park Avenue
Mexico,Coahuila de Zaragoza,Parras,27984,196 Calle Hidalgo
Mexico,Chiapas,San Fernando,29120,97 Avenida Universidad
Canada,Ontario,Greater Sudbury (Robinson / Lockerby),P3E,366 Maple Street
Mexico,México,Tenango del Aire,56780,469 Avenida Reforma
Canada,Quebec,Delson,J5B,982 Oak Street
Canada,Newfoundland and Labrador,Corner Brook,A2H,272 Main Street
Mexico,Baja California,Ensenada,22795,824 Calle Allende
Mexico,San Luis Potosí,Matehuala,78720,367 Avenida Central
Mexico,Coahuila de Zaragoza,Abasolo,25546,232 Calle Independencia
Canada,Manitoba,Riding Mountain (Neepawa),R0J,4 Cedar Road
Mexico,Nuevo León,Monterrey,64347,40 Avenida Insurgentes
Canada,Alberta,Edmonton (Meadows),T6T,29 River Road
Mexico,Jalisco,Guadalajara,44150,36 Calle Independencia
Canada,Ontario,Ottawa (Vanier),K1L,723 King Street
Mexico,Chiapas,Tapachula,30784,517 Avenida Juarez
Mexico,Sinaloa,Badiraguato,80563,592 Avenida Central
Mexico,Guanajuato,Acámbaro,38747,614 Calle Hidalgo
Canada,Nova Scotia,Bedford Southeast,B4A,512 King Street
Mexico,Chihuahua,Balleza,33573,239 Avenida Juarez
Mexico,Puebla,Puebla,72103,582 Calle Zaragoza
Canada,Manitoba,Narol,R1C,746 Cedar Road
Canada,Quebec,Hull Southeast,J8X,586 First Avenue
Mexico,Nayarit,Tepic,63117,249 Calle Hidalgo
Mexico,Puebla,Atlixco,74368,965 Avenida Insurgentes
Canada,Manitoba,Narol,R1C,561 Cedar Road
Mexico,Guanajuato,San Francisco del Rincón,36446,925 Avenida Insurgentes
Canada,Quebec,Downtown Montreal South & West,H3H,150 First Avenue
Mexico,Veracruz de Ignacio de la Llave,Santiago Tuxtla,95834,774 Avenida Reforma
Canada,Ontario,Lambton (Forest),N0N,380 Maple Street
Mexico,Puebla,Teziutlán,73968,103 Avenida Reforma
Canada,Quebec,Saint-Hyacinthe East,J2T,995 Main Street
Canada,New Brunswick,Burtts Corner,E6L,193 Lake Street
